"","ORG","Contact","TYPE"
"1","Mason County","Lower Hood Canal Watershed Coalition","CONS"
"4","Skagit Land Trust","Skagit Land Trust","CONS"
"6","City of Puyallup","WDOE","CONS"
"7","City of Seattle","City of Seattle","CONS"
"8","NWIFC","NMFS","CONS"
"9","Kitsap County","Silverdale Water District","CONS"
"10","Thurston County","WDOH","CONS"
"12","WDOE","East Jefferson Watershed Council","CONS"
"13","Stanford","UW","CONS"
"16","Snohomish Conservation District","Snohomish County","CONS"
"17","Snohomish County","Tulalip Tribe","CONS"
"19","Thurston County","Nisqually Habitat Work Group","CONS"
"20","City of Bonney Lake","RH2 Engineering","CONS"
"23","Long Live the Kings","PSP","CONS"
"25","WDFW","Snohomish Conservation District","CONS"
"26","Skagit County","WSUX Skagit","CONS"
"28","WSUX Mason","Mason Conservation District","CONS"
"30","USFWS","USGS","CONS"
"31","City of Sammamish","S.T.O.R.M.","CONS"
"33","Snohomish Conservation District","Snohomish Conservation District","CONS"
"36","Stillaguamish Clean Water District","Clean Water Advisory Board","CONS"
"37","Whidbey ECO Net","Whidbey Environmental Action Network","CONS"
"39","WSUX Island Waste Wise","WSUX Island","CONS"
"41","City of Everett","WDFW","CONS"
"42","City of Seattle","Seattle City Light","CONS"
"44","Kitsap County","Kitsap County","CONS"
"49","WDOE","Mason County","CONS"
"50","Port Townsend Marine Science Center","SeaDoc Society","CONS"
"54","Friends of the San Juans","WDFW","CONS"
"55","Chambers/Clover Watershed Council","Puyallup Tribe","CONS"
"57","City of Everett","Frause Reearch","CONS"
"58","Skagit MRC","Skagit Conservation District","CONS"
"59","South Sound LIO","South Sound LIO","CONS"
"62","Snohomish MRC","Tulalip Tribe","CONS"
"63","City of Seattle","MRSC","CONS"
"66","Lower Hood Canal Watershed Coalition","Hood Canal Environmental Council","CONS"
"67","Skagit River System Cooperative","NWIFC","CONS"
"69","Washington Trollers Association","Nooksack Salmon Enhancement Association","CONS"
"70","Feiro Marine Life Center","Peninsula College","CONS"
"71","Jefferson County","WDFW","CONS"
"72","Puget Sound Institute","HCCC","CONS"
"74","NOAA","Taylor Shellfish Farms","CONS"
"76","Skagit MRC","Skagit Tribe","CONS"
"78","WSUX Kitsap","City of Bremerton","CONS"
"79","UW","WDNR","CONS"
"80","HCCC","Mason County","CONS"
"82","City of Tumwater","South Puget Sound Salmon Enhancement","CONS"
"84","WSUX Jefferson","12,000 Rain Gardens","CONS"
"85","Northwest Indian College","Lummi Tribe","CONS"
"89","Thurston County","City of Lacey","CONS"
"90","Water Tenders","City of Redmond","CONS"
"91","City of Everett","Tulalip Tribe","CONS"
"93","Jefferson County","Coastal Geologic Services","CONS"
"94","City of Gig Harbor","Pierce County","CONS"
"95","Friends of North Creek Forest","City of Bothell","CONS"
"96","Sierra Club","WDFW","CONS"
"97","WWU/Huxley College on the Peninsulas","Feiro Marine Life Center","CONS"
"99","City of Seattle","Seattle City Light","CONS"
"101","Sierra Club","Futurewise","CONS"
"104","Clallam County","Peninsula College","CONS"
"105","Stillaguamish Tribe","Snohomish Conservation District","CONS"
"107","NOSC","North Olympic Land Trust","CONS"
"108","Sierra Club","NOAA","CONS"
"109","Suquamish Tribe","PMEL","CONS"
"111","Port of Tacoma","Friends of Julia's Gulch","CONS"
"112","Stillaguamish Tribe","USACOE","CONS"
"113","Seattle Aquarium","NOAA","CONS"
"114","Thurston County","Salmon Recovery Task Force","CONS"
"117","Skagit Conservation District","Clean Samish Initiative","CONS"
"119","NOAA","E3 Washington","CONS"
"120","Futurewise","Surfrider Foundation","CONS"
"121","Pierce Conservation District","Harbor Wildwatch","CONS"
"124","PNNL","Skagit Climate Science Consortium","CONS"
"125","King Conservation District","King County","CONS"
"127","Newcastle Weed Warriors","Friends of the Cedar River Watershed","CONS"
"128","Feiro Marine Life Center","National Marine Sanctuary Program","CONS"
"131","WDOE","Kitsap Public Health District","CONS"
"132","Stillwaters Environmental Education Center","Great Peninsula Conservancy","CONS"
"133","City of Bothell","NPDES Coordinators","CONS"
"136","PSP Leadership Council","PSP Leadership Council","CONS"
"139","City of Oak Harbor","Whidbey ECO Net","CONS"
"140","WWU","WDOE","CONS"
"144","Sound Salmon Solutions","Trout Unlimited","CONS"
"146","Whidbey Environmental Action Network","Swan Lake Watershed Preservation Group","CONS"
"148","The Nature Conservancy","Skagit Dike Districts","CONS"
"149","Stillaguamish Tribe","City of Arlington","CONS"
"152","Whatcom MRC","Whatcom County","CONS"
"153","San Juan MRC","San Juan County","CONS"
"154","Wild Fish Conservancy","WDNR","CONS"
"156","WRIA 2","San Juan Preservation Trust","CONS"
"157","Pacific Denkmann Company","WDNR","CONS"
"161","Urban Wilderness Project","City of Seattle","CONS"
"163","Nisqually River Council","Nisqually River Council","CONS"
"164","Friends of the Issaquah Salmon Hatchery","Mountains to Sound Greenway","CONS"
"166","San Juan ECO Net","WRIA 2","CONS"
"170","Snohomish County","WSUX","CONS"
"173","City of Seattle","WALPA","CONS"
"176","Pierce County","WRIA 10/12","CONS"
"177","Bainbridge Beach Naturalists","Sustainable Bainbridge","CONS"
"178","WRIA 6","MRC","CONS"
"179","Snohomish County","City of Stanwood","CONS"
"180","NMFS","NWIFC","CONS"
"182","City of Everett","WDOE","CONS"
"185","Salmon Recovery Funding Board","King County","CONS"
"187","Island County Water Resources Advisory Committee","Island County Public Health","CONS"
"188","UW","NANOOS","CONS"
"189","NOAA","USDOI","CONS"
"190","NWIFC","NWIFC","CONS"
"191","WDOE","City of Kent","CONS"
"192","Whatcom County","Nooksack Tribe","CONS"
"193","Surfrider Foundation","PSP","CONS"
"195","Northwest Straits Commission","Washington Sea Grant","CONS"
"198","WDFW","WRIA 10/12","CONS"
"199","Washington Sea Grant","WDOE","CONS"
"200","City of Puyallup","Puyallup Tribe","CONS"
"201","Island County","Island MRC","CONS"
"204","WRIA 2 TAG","Friends of the San Juans","CONS"
"205","Nooksack Tribe","WRIA 1","CONS"
"206","Nisqually River Council","Nisqually Reach Nature Center","CONS"
"207","WSUX","Taylor Shellfish Farms","CONS"
"208","San Juan MRC","WDOE","CONS"
"209","Nooksack Salmon Enhancement Association","City of Bellingham","CONS"
"210","City of Port Angeles","NOAA","CONS"
"212","City of Bremerton","Kitsap Public Health District","CONS"
"214","Stillaguamish Clean Water District","Stillaguamish Watershed Council","CONS"
"215","WRIA 8","Green Shorelines Steering Committee","CONS"
"216","Stewardship Partners","Sustainable West Seattle","CONS"
"217","Snohomish MRC","WRCO","CONS"
"218","Taylor Shellfish Farms","Skagit Conservation Education Alliance","CONS"
"221","Citizens for a Healthy Bay","Tahoma Audubon Society","CONS"
"222","USACOE","PSP","CONS"
"225","Feet First","City of Seattle","CONS"
"226","City of Orting","Parametrix Engineering","CONS"
"228","Taylor Shellfish Farms","Washington State Dairy Federation","CONS"
"229","Seattle Aquarium","Woodland Park Zoo","CONS"
"232","WRIA 8","PS RITT","CONS"
"234","Environmental Coaliton of South Seattle","City of Seattle","CONS"
"235","Padilla Bay National Estuarine Research Reserve","Skagit Conservation District","CONS"
"236","Pierce County","PSP Stewardship Team","CONS"
"237","Clallam County","S.T.O.R.M.","CONS"
"239","USFS","American Whitewater","CONS"
"241","Pierce Conservation District","Pierce County","CONS"
"243","WDFW","Skagit River System Cooperative","CONS"
"244","PSP Leadership Council","PSP Leadership Council","CONS"
"245","Kitsap County","PSP","CONS"
"246","US Navy","PSP Science Panel","CONS"
"248","Nisqually River Foundation","E3 Washington","CONS"
"249","King County","Misc small cities within the WRIAs","CONS"
"252","Point No Point Treaty Council","Long Live the Kings","CONS"
"253","Lummi Tribe","WDOE","CONS"
"255","Hood Canal Salmon Enhancement","UW","CONS"
"256","Skagit Fisheries Enhancement","WDFW","CONS"
"257","WRIA 2","San Juan ECO Net","CONS"
"258","Citizens for a Healthy Bay","WDNR","CONS"
"259","San Juan MRC","MRC","CONS"
"260","WRIA 9","WRIA 9","CONS"
"261","King County","UW","CONS"
"262","Bainbridge Island Watershed Council","Suquamish Tribe","CONS"
"264","Whatcom County","WDOE","CONS"
"265","Nisqually Tribe","USFWS","CONS"
"266","Whidbey Conservation District","Island County","CONS"
"268","City of Redmond","NPDES Coordinators","CONS"
"270","King County","USEPA","CONS"
"273","City of Newcastle","City of Bellevue","CONS"
"275","NOSC","HCCC","CONS"
"276","WDOE","PSP Oil Spill Work Group","CONS"
"277","WSUX Beachwatchers","Port Townsend Marine Science Center","CONS"
"278","Whatcom County","LSC Partnership","CONS"
"279","Olympic Outdoor Center","Kitsap ECO Net","CONS"
"280","USCG","Makah Tribe","CONS"
"283","WDOE","Puyallup Watershed Council","CONS"
"284","WDOE","Dungeness Water Users Association","CONS"
"285","WSUX Beachwatchers","Island County","CONS"
"286","Whidbey/Camano Land Trust","Whidbey Audubon","CONS"
"287","Clallam Conservation District","Clallam County","CONS"
"291","Kitsap Public Health District","WDOE","CONS"
"292","City of Bothell","King County","CONS"
"295","Skokomish Tribe","HCCC","CONS"
"298","Nisqually Land Trust","PSNERP","CONS"
"299","UW","UW","CONS"
"302","City of Snohomish","WDFW","CONS"
"303","Friends of Freeland","South Whidbey Fire/EMS","CONS"
"305","Stillaguamish Clean Water District","WSUX Shore Stewards","CONS"
"308","USEPA","PSP","CONS"
"310","City of Bainbridge Island","WDOH","CONS"
"311","City of Milton","Pierce County ECO Net","CONS"
"312","City of Bellingham","Whatcom County","CONS"
"313","Washington Environmental Council","Padilla Bay National Estuarine Research Reserve","CONS"
"318","King County","WDOE","CONS"
"321","WDFW","USFWS","CONS"
"324","Great Peninsula Conservancy","Squaxin Tribe","CONS"
"327","Snohomish County","WDOE","CONS"
"329","UW","Friday Harbor Labs","CONS"
"330","City of Gig Harbor","Pierce County","CONS"
"331","Point Defiance Zoo & Aquarium","PSP","CONS"
"332","UW","WDFW","CONS"
"333","Skagit County","Skagit Watershed Council","CONS"
"334","Pierce Conservation District","Puyallup Tribe","CONS"
"336","WDOE","King County","CONS"
"337","Washington Sea Grant","PSP","CONS"
"338","King Conservation District","King County","CONS"
"339","City of Redmond","King County","CONS"
"340","WDFW","USEPA","CONS"
"341","Environmental Science Associates","PSNERP","CONS"
"342","San Juan County","WDFW","CONS"
"343","WRIA 9","King County","CONS"
"344","National Park Service","NatureBridge","CONS"
"345","Chico Creek Task Force","Kitsap Stream Stewards","CONS"
"348","Clallam County","City of Sequim","CONS"
"350","Jefferson County","Mason County","CONS"
"351","OrcaNet","Puget Sound Environmental Caucus","CONS"
"353","Skokomish Tribe","Hood Canal Salmon Enhancement","CONS"
"354","Snohomish Conservation District","Snohomish County","CONS"
"355","NWFSC","Long Live the Kings","CONS"
"357","UW","PSP","CONS"
"359","City of Seattle","Carkeek Watershed Community Action Project","CONS"
"360","Snohomish MRC","Port Susan Marine Stewardship Area","CONS"
"361","City of Seattle","North King SOG","CONS"
"362","Feiro Marine Life Center","Dungeness River Audubon Center","CONS"
"363","WSUX Kitsap","Kitsap Public Health District","CONS"
"364","WDFW","WRIA 8","CONS"
"365","Stewardship Partners","Mountains to Sound Greenway","CONS"
"368","Puyallup Tribe","WDNR","CONS"
"370","Trout Unlimited","Long Live the Kings","CONS"
"371","Association of Washington Cities","Washington Environmental Council","CONS"
"373","Whatcom MRC","Northwest Straits Commission","CONS"
"375","Whidbey Conservation District","Innovative Landscape Technologies","CONS"
"376","Kitsap PUD","Silverdale Water District","CONS"
"377","WDOE","Jamestown S'Klallam Tribe","CONS"
"378","City of Gig Harbor","WDOE","CONS"
"380","City of Bellingham","WSUX Whatcom","CONS"
"381","Long Live the Kings","NWIFC","CONS"
"383","UW Tacoma","UW Tacoma","CONS"
"384","Point No Point Treaty Council","Long Live the Kings","CONS"
"386","LOTT Clean Water Alliance","City of Tumwater","CONS"
"388","Kitsap Conservation District","NRCS","CONS"
"389","Snoqualmie Watershed Forum","Sound Salmon Solutions","CONS"
"390","Jamestown S'Klallam Tribe","Battelle Marine Laboratory","CONS"
"391","Clallam County Streamkeepers","Clallam Conservation District","CONS"
"392","WSUX Beachwatchers","Island MRC","CONS"
"393","Stillaguamish Watershed Council","Stillaguamish Clean Water District","CONS"
"394","Stillaguamish Clean Water District","Snohomish County","CONS"
"395","Greenfleet Monitoring Expeditions","Jefferson County Public Lands Group","CONS"
"396","WDFW","Wild Fish Conservancy","CONS"
"397","Citizens for a Healthy Bay","WDFW","CONS"
"398","South Puget Sound Salmon Enhancement","WDFW","CONS"
"400","WDOE","PSP","CONS"
"404","Skagit Land Trust","Skagit Fisheries Enhancement","CONS"
"406","City of Puyallup","USEPA","CONS"
"407","City of Seattle","City of Seattle","CONS"
"409","Kitsap County","Great Peninsula Conservancy","CONS"
"410","Thurston County","WDOE","CONS"
"412","WDOE","Jefferson County","CONS"
"413","Stanford","Inmigrantes Unidos de Shelton","CONS"
"415","Wolf Hollow Wildlife Rehabilitation Center","SeaDoc Society","CONS"
"416","Snohomish Conservation District","Tulalip Tribe","CONS"
"417","Snohomish County","King County","CONS"
"420","City of Bonney Lake","Parametrix Engineering","CONS"
"423","Long Live the Kings","Skokomish Tribe","CONS"
"428","WSUX Mason","Mason County","CONS"
"430","USFWS","South Puget Sound Salmon Enhancement","CONS"
"431","City of Sammamish","North King SOG","CONS"
"433","Snohomish Conservation District","Stillaguamish Clean Water District","CONS"
"436","Stillaguamish Clean Water District","Stillaguamish Watershed Council","CONS"
"437","Whidbey ECO Net","PSP","CONS"
"439","WSUX Island Waste Wise","Island County","CONS"
"441","City of Everett","WDOE","CONS"
"442","City of Seattle","Skagit Environmental Endowment Commission","CONS"
"444","Kitsap County","Kitsap County","CONS"
"449","WDOE","Thurston County","CONS"
"450","Port Townsend Marine Science Center","NOAA","CONS"
"454","Friends of the San Juans","WDNR","CONS"
"455","Chambers/Clover Watershed Council","WDFW","CONS"
"458","Skagit MRC","Skagit River System Cooperative","CONS"
"462","Snohomish MRC","Port of Everett","CONS"
"463","City of Seattle","PSRC","CONS"
"466","Lower Hood Canal Watershed Coalition","Mason County","CONS"
"467","Skagit River System Cooperative","WDFW","CONS"
"469","Washington Trollers Association","Whatcom Conservation District","CONS"
"470","Feiro Marine Life Center","Lower Elwha Klallam Tribe","CONS"
"471","Jefferson County","NMFS","CONS"
"474","NOAA","Pacific Shellfish Institute","CONS"
"476","Skagit MRC","Swinomish Tribe","CONS"
"478","WSUX Kitsap","City of Port Orchard","CONS"
"480","HCCC","Kitsap County","CONS"
"481","USCG","Jefferson MRC","CONS"
"482","City of Tumwater","WRIA 13","CONS"
"484","WSUX Jefferson","NOSC","CONS"
"485","Northwest Indian College","Whatcom County","CONS"
"489","Thurston County","City of Olympia","CONS"
"490","Water Tenders","USACOE","CONS"
"491","City of Everett","Snohomish County","CONS"
"493","Jefferson County","Salish Sea Biological","CONS"
"495","Friends of North Creek Forest","City of Seattle","CONS"
"496","Sierra Club","NOAA","CONS"
"497","WWU/Huxley College on the Peninsulas","Jamestown S'Klallam Tribe","CONS"
"499","City of Seattle","City of Seattle","CONS"
"500","South Puget Sound Salmon Enhancement","WDFW","CONS"
"501","Sierra Club","Washington Environmental Council","CONS"
"504","Clallam County","Port Angeles School District","CONS"
"505","Stillaguamish Tribe","Nooksack Salmon Enhancement Association","CONS"
"506","Whidbey/Camano Land Trust","The Nature Conservancy","CONS"
"507","NOSC","Clallam Conservation District","CONS"
"508","Sierra Club","WDFW","CONS"
"509","Suquamish Tribe","Tulalip Tribe","CONS"
"511","Port of Tacoma","Citizens for a Healthy Bay","CONS"
"512","Stillaguamish Tribe","USFWS","CONS"
"519","NOAA","NAME","CONS"
"520","Futurewise","City of Seattle","CONS"
"521","Pierce Conservation District","Citizens for a Healthy Bay","CONS"
"524","PNNL","USEPA","CONS"
"525","King Conservation District","Washington Farm Bureau","CONS"
"527","Newcastle Weed Warriors","USEPA","CONS"
"528","Feiro Marine Life Center","City of Port Angeles","CONS"
"531","WDOE","Skagit Fisheries Enhancement","CONS"
"532","Stillwaters Environmental Education Center","Kitsap Conservation District","CONS"
"536","PSP Leadership Council","Friends of the Cedar River Watershed","CONS"
"539","City of Oak Harbor","WSUX Island Waste Wise","CONS"
"540","WWU","WDFW","CONS"
"544","Sound Salmon Solutions","King County","CONS"
"545","Thurston Conservation District","Nisqually River Education Project","CONS"
"546","Whidbey Environmental Action Network","Camano CARE","CONS"
"549","Stillaguamish Tribe","Tulalip Tribe","CONS"
"552","Whatcom MRC","Whatcom Conservation District","CONS"
"553","San Juan MRC","San Juan County","CONS"
"554","Wild Fish Conservancy","Sound Salmon Solutions","CONS"
"556","WRIA 2","San Juan County Land Bank","CONS"
"557","Pacific Denkmann Company","WDFW","CONS"
"561","Urban Wilderness Project","Seattle Aquarium","CONS"
"570","Snohomish County","PSP","CONS"
"573","City of Seattle","Puget Sound Anglers","CONS"
"577","Bainbridge Beach Naturalists","Bainbridge Island Land Trust","CONS"
"578","WRIA 6","Skagit River System Cooperative","CONS"
"579","Snohomish County","Stillaguamish River Flood Control District","CONS"
"580","NMFS","PNAMP","CONS"
"582","City of Everett","Tulalip Tribe","CONS"
"585","Salmon Recovery Funding Board","Upper Columbia Salmon Recovery Board","CONS"
"589","NOAA","WDFW","CONS"
"590","NWIFC","WRIA 7","CONS"
"591","WDOE","City of Redmond","CONS"
"592","Whatcom County","Lummi Tribe","CONS"
"593","Surfrider Foundation","WDOE","CONS"
"595","Northwest Straits Commission","UW","CONS"
"598","WDFW","Puyallup Watershed Council","CONS"
"599","Washington Sea Grant","USCG","CONS"
"600","City of Puyallup","Pierce Conservation District","CONS"
"605","Nooksack Tribe","NWIFC","CONS"
"606","Nisqually River Council","Chambers of Commerce","CONS"
"607","WSUX","Squaxin Tribe","CONS"
"608","San Juan MRC","WDFW","CONS"
"609","Nooksack Salmon Enhancement Association","Whatcom Land Trust","CONS"
"610","City of Port Angeles","Port Angeles Chamber of Commerce","CONS"
"612","City of Bremerton","ENVVEST","CONS"
"613","Pierce County","Citizens for a Healthy Bay","CONS"
"614","Stillaguamish Clean Water District","Snohomish Conservation District","CONS"
"615","WRIA 8","WRIA 8","CONS"
"616","Stewardship Partners","Sustainable Ballard","CONS"
"617","Snohomish MRC","PSNERP","CONS"
"621","Citizens for a Healthy Bay","Futurewise","CONS"
"628","Taylor Shellfish Farms","Sustainable Fisheries Partnership","CONS"
"629","Seattle Aquarium","Stewards of Normandy Cove","CONS"
"632","WRIA 8","PSP","CONS"
"634","Environmental Coaliton of South Seattle","King County Flood Control District","CONS"
"635","Padilla Bay National Estuarine Research Reserve","Washington Environmental Council","CONS"
"637","Clallam County","PSP","CONS"
"639","USFS","American Rivers","CONS"
"643","WDFW","NOAA","CONS"
"644","PSP Leadership Council","PSP Science Panel","CONS"
"645","Kitsap County","PSP","CONS"
"646","US Navy","PSEMP","CONS"
"648","Nisqually River Foundation","WOSPI","CONS"
"649","King County","Snohomish MRC","CONS"
"652","Point No Point Treaty Council","PSSRC","CONS"
"653","Lummi Tribe","Nooksack Tribe","CONS"
"655","Hood Canal Salmon Enhancement","Mason County","CONS"
"656","Skagit Fisheries Enhancement","SRSC","CONS"
"657","WRIA 2","Whale Museum","CONS"
"658","Citizens for a Healthy Bay","WDOE","CONS"
"660","WRIA 9","Lead Entity Advisory Group","CONS"
"661","King County","Forterra","CONS"
"664","Whatcom County","WDNR","CONS"
"665","Nisqually Tribe","Nisqually River Council","CONS"
"668","City of Redmond","King County","CONS"
"673","City of Newcastle","City of Renton","CONS"
"675","NOSC","Chumsortium","CONS"
"676","WDOE","Pacific States/British Columbia Oil Spill Taskforce","CONS"
"680","USCG","USDOD","CONS"
"683","WDOE","Chambers/Clover Watershed Council","CONS"
"684","WDOE","WDFW","CONS"
"685","WSUX Beachwatchers","South Whidbey School District","CONS"
"687","Clallam Conservation District","Puget Sound Anglers","CONS"
"691","Kitsap Public Health District","WDOH","CONS"
"692","City of Bothell","Snohomish County","CONS"
"695","Skokomish Tribe","WDFW","CONS"
"698","Nisqually Land Trust","South Puget Sound Salmon Enhancement","CONS"
"703","Friends of Freeland","Whidbey General EMS","CONS"
"705","Stillaguamish Clean Water District","Futurewise","CONS"
"708","USEPA","NWIFC","CONS"
"710","City of Bainbridge Island","WDOE","CONS"
"711","City of Milton","Pierce Conservation District","CONS"
"712","City of Bellingham","Nooksack Tribe","CONS"
"713","Washington Environmental Council","Skagit Fisheries Enhancement","CONS"
"718","King County","City of Seattle","CONS"
"721","WDFW","WDOE","CONS"
"724","Great Peninsula Conservancy","South Puget Sound Salmon Enhancement","CONS"
"730","City of Gig Harbor","WDOE","CONS"
"732","UW","Skagit Watershed Council","CONS"
"733","Skagit County","Skagit Fisheries Enhancement","CONS"
"734","Pierce Conservation District","Pierce County","CONS"
"738","King Conservation District","King County","CONS"
"739","City of Redmond","WDOE","CONS"
"740","WDFW","WDNR","CONS"
"741","Environmental Science Associates","HCCC","CONS"
"742","San Juan County","WDOE","CONS"
"743","WRIA 9","City of Seattle","CONS"
"744","National Park Service","Feiro Marine Life Center","CONS"
"745","Chico Creek Task Force","Suquamish Tribe","CONS"
"748","Clallam County","Clallam County","CONS"
"750","Jefferson County","Island County","CONS"
"753","Skokomish Tribe","Long Live the Kings","CONS"
"755","NWFSC","UW","CONS"
"757","UW","PSP Leadership Council","CONS"
"759","City of Seattle","Pierce County","CONS"
"762","Feiro Marine Life Center","Peninsula College","CONS"
"763","WSUX Kitsap","Kitsap County","CONS"
"764","WDFW","WRIA 9","CONS"
"765","Stewardship Partners","Jones and Jones Architects","CONS"
"768","Puyallup Tribe","WDOA","CONS"
"771","Association of Washington Cities","Shoreline Solar","CONS"
"775","Whidbey Conservation District","Sustainable Development Task Force of Snohomish County","CONS"
"777","WDOE","Lower Elwha Klallam Tribe","CONS"
"778","City of Gig Harbor","WDNR","CONS"
"780","City of Bellingham","APWA","CONS"
"783","UW Tacoma","NOAA","CONS"
"784","Point No Point Treaty Council","Hood Canal Salmon Enhancement","CONS"
"786","LOTT Clean Water Alliance","WSUX Native Plant Salvage Project","CONS"
"788","Kitsap Conservation District","Kitsap County","CONS"
"789","Snoqualmie Watershed Forum","Stewardship Partners","CONS"
"790","Jamestown S'Klallam Tribe","WDOH","CONS"
"791","Clallam County Streamkeepers","Clallam County","CONS"
"792","WSUX Beachwatchers","Island County Beachwatchers","CONS"
"794","Stillaguamish Clean Water District","Stillaguamish Watershed Council","CONS"
"795","Greenfleet Monitoring Expeditions","Olympic Park Associates","CONS"
"796","WDFW","Snohomish Conservation District","CONS"
"797","Citizens for a Healthy Bay","NWIFC","CONS"
"798","South Puget Sound Salmon Enhancement","Squaxin Tribe","CONS"
"800","WDOE","Washington Sea Grant","CONS"
"804","Skagit Land Trust","Skagit MRC","CONS"
"806","City of Puyallup","WDFW","CONS"
"807","City of Seattle","City of Seattle","CONS"
"810","Thurston County","PSP","CONS"
"812","WDOE","USGS","CONS"
"816","Snohomish Conservation District","Stillaguamish Tribe","CONS"
"817","Snohomish County","NOAA","CONS"
"820","City of Bonney Lake","KPG Design","CONS"
"823","Long Live the Kings","Port Gamble S'Klallam Tribe","CONS"
"828","WSUX Mason","Mason County","CONS"
"833","Snohomish Conservation District","Snohomish County","CONS"
"836","Stillaguamish Clean Water District","WSUX Beachwatchers","CONS"
"837","Whidbey ECO Net","Puget Sound Environmental Caucus","CONS"
"839","WSUX Island Waste Wise","Island Recycling","CONS"
"841","City of Everett","Tulalip Tribe","CONS"
"842","City of Seattle","WRIA 7","CONS"
"849","WDOE","Clallam County","CONS"
"850","Port Townsend Marine Science Center","UW","CONS"
"854","Friends of the San Juans","Confluence Environmental Company","CONS"
"855","Chambers/Clover Watershed Council","Pierce County","CONS"
"858","Skagit MRC","Port of Anacortes","CONS"
"866","Lower Hood Canal Watershed Coalition","Hood Canal Improvement Club","CONS"
"867","Skagit River System Cooperative","Seattle City Light","CONS"
"869","Washington Trollers Association","Lummi Tribe","CONS"
"870","Feiro Marine Life Center","Seattle Aquarium","CONS"
"874","NOAA","Puget Sound Restoration Fund","CONS"
"876","Skagit MRC","Skagit County","CONS"
"878","WSUX Kitsap","Washington State Nursery & Landscape Association","CONS"
"880","HCCC","Jefferson County","CONS"
"882","City of Tumwater","LOTT Clean Water Alliance","CONS"
"884","WSUX Jefferson","HCCC","CONS"
"886","USDA","NWIFC","CONS"
"889","Thurston County","NWPMA","CONS"
"890","Water Tenders","Forterra","CONS"
"891","City of Everett","WDOT","CONS"
"893","Jefferson County","WDOE","CONS"
"895","Friends of North Creek Forest","Forterra","CONS"
"896","Sierra Club","SeaDoc Society","CONS"
"897","WWU/Huxley College on the Peninsulas","Lower Elwha Klallam Tribe","CONS"
"899","City of Seattle","City of Seattle","CONS"
"900","South Puget Sound Salmon Enhancement","Nisqually Tribe","CONS"
"901","Sierra Club","Puget Soundkeeper Alliance ","CONS"
"904","Clallam County","PS Builders Association","CONS"
"908","Sierra Club","Wild Fish Conservancy","CONS"
"909","Suquamish Tribe","NWIFC","CONS"
"911","Port of Tacoma","Puget Creek Society","CONS"
"912","Stillaguamish Tribe","NMFS","CONS"
"919","NOAA","NPS","CONS"
"920","Futurewise","Environment WA","CONS"
"921","Pierce Conservation District","PenMet Parks","CONS"
"924","PNNL","WDOE","CONS"
"925","King Conservation District","King County Forestry Commission","CONS"
"927","Newcastle Weed Warriors","WDOE","CONS"
"928","Feiro Marine Life Center","NPS","CONS"
"931","WDOE","Skagit Conservation District","CONS"
"932","Stillwaters Environmental Education Center","Kingston Citizen Advisory Committee","CONS"
"939","City of Oak Harbor","Oak Harbor School District","CONS"
"944","Sound Salmon Solutions","King County","CONS"
"945","Thurston Conservation District","Chehalis Basin Education Consortium","CONS"
"946","Whidbey Environmental Action Network","Whidbey/Camano Land Trust","CONS"
"949","Stillaguamish Tribe","WDFW","CONS"
"954","Wild Fish Conservancy","Tulalip Tribe","CONS"
"956","WRIA 2","Friends of the San Juans","CONS"
"970","Snohomish County","Snohomish Health District","CONS"
"973","City of Seattle","SLS","CONS"
"977","Bainbridge Beach Naturalists","Washington Sea Grant","CONS"
"978","WRIA 6","Tulalip Tribe","CONS"
"979","Snohomish County","Warm Beach Community Association","CONS"
"980","NMFS","Washington Environmental Council","CONS"
"989","NOAA","Marine Spill Response Corporation","CONS"
"990","NWIFC","Sustainable Lands Strategy","CONS"
"991","WDOE","City of Bainbridge Island","CONS"
"992","Whatcom County","Nooksack Salmon Enhancement Association","CONS"
"993","Surfrider Foundation","UW","CONS"
"995","Northwest Straits Commission","Sustainable Fisheries Partnership","CONS"
"998","WDFW","Chambers/Clover Watershed Council","CONS"
"999","Washington Sea Grant","Washington Sea Grant","CONS"
"1005","Nooksack Tribe","BBAT","CONS"
"1006","Nisqually River Council","USEPA","CONS"
"1007","WSUX","Thurston County","CONS"
"1008","San Juan MRC","PSP","CONS"
"1009","Nooksack Salmon Enhancement Association","USFS","CONS"
"1010","City of Port Angeles","NPS","CONS"
"1012","City of Bremerton","WDOE","CONS"
"1013","Pierce County","Tacoma-Pierce County Health Department","CONS"
"1014","Stillaguamish Clean Water District","Snohomish County","CONS"
"1015","WRIA 8","WRIA 8","CONS"
"1016","Stewardship Partners","King Conservation District","CONS"
"1017","Snohomish MRC","Washington Environmental Council","CONS"
"1021","Citizens for a Healthy Bay","Washington Environmental Council","CONS"
"1029","Seattle Aquarium","COSEE","CONS"
"1032","WRIA 8","WDFW","CONS"
"1034","Environmental Coaliton of South Seattle","King Conservation District","CONS"
"1037","Clallam County","Strait ERN","CONS"
"1039","USFS","Skagit Land Trust","CONS"
"1044","PSP Leadership Council","PSP Performance Management Committee","CONS"
"1045","Kitsap County","PSEMP","CONS"
"1046","US Navy","ENVVEST","CONS"
"1048","Nisqually River Foundation","Pacific Education Institute","CONS"
"1049","King County","Vashon Land Trust","CONS"
"1053","Lummi Tribe","Whatcom County","CONS"
"1056","Skagit Fisheries Enhancement","NPS","CONS"
"1057","WRIA 2","San Juan Water Resources Committee","CONS"
"1058","Citizens for a Healthy Bay","USEPA","CONS"
"1060","WRIA 9","Watershed Leads","CONS"
"1064","Whatcom County","WDFW","CONS"
"1065","Nisqually Tribe","Nisqually Habitat Work Group","CONS"
"1068","City of Redmond","WDOE","CONS"
"1073","City of Newcastle","City of Sammamish","CONS"
"1075","NOSC","Jefferson Conservation District","CONS"
"1076","WDOE","NWAC","CONS"
"1080","USCG","USDOI","CONS"
"1083","WDOE","Henderson/Nisqually Shellfish District","CONS"
"1085","WSUX Beachwatchers","Island Conservation District","CONS"
"1087","Clallam Conservation District","CCA","CONS"
"1091","Kitsap Public Health District","Kitsap County","CONS"
"1092","City of Bothell","PSP","CONS"
"1098","Nisqually Land Trust","Nisqually Tribe","CONS"
"1105","Stillaguamish Clean Water District","Snohomish County","CONS"
"1110","City of Bainbridge Island","USEPA","CONS"
"1111","City of Milton","Pierce Stream Team","CONS"
"1112","City of Bellingham","Lummi Tribe","CONS"
"1113","Washington Environmental Council","Samish Tribe","CONS"
"1118","King County","NPDES Phase II Municipalities","CONS"
"1124","Great Peninsula Conservancy","Suquamish Tribe","CONS"
"1132","UW","Swinomish Tribe","CONS"
"1133","Skagit County","Skagit River System Cooperative","CONS"
"1138","King Conservation District","WDOE","CONS"
"1139","City of Redmond","Rhithron Associates","CONS"
"1140","WDFW","WDOE","CONS"
"1141","Environmental Science Associates","PSSRC","CONS"
"1143","WRIA 9","Port of Seattle","CONS"
"1145","Chico Creek Task Force","WSUX Beach Watchers","CONS"
"1148","Clallam County","Clallam PUD","CONS"
"1150","Jefferson County","Kitsap Public Health District","CONS"
"1155","NWFSC","WDFW","CONS"
"1157","UW","City of Tacoma","CONS"
"1159","City of Seattle","Washington Environmental Council","CONS"
"1162","Feiro Marine Life Center","Port Angeles School District","CONS"
"1163","WSUX Kitsap","WSUX Puyallup","CONS"
"1164","WDFW","WRIA 10/12","CONS"
"1165","Stewardship Partners","Tulalip Tribe","CONS"
"1168","Puyallup Tribe","Washington Forest Protection Association","CONS"
"1171","Association of Washington Cities","Futurewise","CONS"
"1178","City of Gig Harbor","WDFW","CONS"
"1180","City of Bellingham","WDOE","CONS"
"1183","UW Tacoma","King County","CONS"
"1186","LOTT Clean Water Alliance","City of Olympia","CONS"
"1189","Snoqualmie Watershed Forum","WDFW","CONS"
"1190","Jamestown S'Klallam Tribe","WDOE","CONS"
"1191","Clallam County Streamkeepers","WDOE","CONS"
"1194","Stillaguamish Clean Water District","Stillaguamish Tribe","CONS"
"1195","Greenfleet Monitoring Expeditions","Hood Canal Environmental Council","CONS"
"1196","WDFW","Snohomish County","CONS"
"1197","Citizens for a Healthy Bay","USFWS","CONS"
"1198","South Puget Sound Salmon Enhancement","Nisqually Tribe","CONS"
"1200","WDOE","WDFW","CONS"
"1204","Skagit Land Trust","RE Sources","CONS"
"1206","City of Puyallup","PSP","CONS"
"1207","City of Seattle","Seattle City Light","CONS"
"1209","Kitsap County","Olympic ESD","CONS"
"1212","WDOE","Lower Elwha Klallam Tribe","CONS"
"1216","Snohomish Conservation District","WDFW","CONS"
"1217","Snohomish County","WDFW","CONS"
"1220","City of Bonney Lake","SCJ Alliance","CONS"
"1223","Long Live the Kings","Lummi Tribe","CONS"
"1233","Snohomish Conservation District","Island County","CONS"
"1236","Stillaguamish Clean Water District","Warm Beach Community Association","CONS"
"1242","City of Seattle","PSEMP","CONS"
"1249","WDOE","Mason Conservation District","CONS"
"1250","Port Townsend Marine Science Center","WDFW","CONS"
"1254","Friends of the San Juans","Coastal Geologic Services","CONS"
"1255","Chambers/Clover Watershed Council","Chambers/Clover Watershed Council","CONS"
"1258","Skagit MRC","City of Anacortes","CONS"
"1266","Lower Hood Canal Watershed Coalition","North Mason Voice","CONS"
"1267","Skagit River System Cooperative","Skagit Tribe","CONS"
"1274","NOAA","Suquamish Tribe","CONS"
"1276","Skagit MRC","City of Anacortes","CONS"
"1278","WSUX Kitsap","ENVVEST","CONS"
"1280","HCCC","Port Gamble S'Klallam Tribe","CONS"
"1282","City of Tumwater","Thurston County","CONS"
"1284","WSUX Jefferson","WSUX Beachwatchers","CONS"
"1291","City of Everett","WDOE","CONS"
"1293","Jefferson County","WDFW","CONS"
"1295","Friends of North Creek Forest","Trust for Public Lands","CONS"
"1296","Sierra Club","Long Live the Kings","CONS"
"1300","South Puget Sound Salmon Enhancement","Squaxin Tribe","CONS"
"1301","Sierra Club","Conservation Northwest","CONS"
"1307","NOSC","Clallam County","CONS"
"1308","Sierra Club","Coastal Watershed Institute","CONS"
"1309","Suquamish Tribe","Longhouse Media","CONS"
"1312","Stillaguamish Tribe","OHAP","CONS"
"1320","Futurewise","Audubon Society","CONS"
"1321","Pierce Conservation District","Key Peninsula Parks","CONS"
"1325","King Conservation District","Seattle Tilth","CONS"
"1327","Newcastle Weed Warriors","King Conservation District","CONS"
"1331","WDOE","Snohomish Conservation District","CONS"
"1332","Stillwaters Environmental Education Center","Kitsap PUD","CONS"
"1339","City of Oak Harbor","Whidbey Conservation District","CONS"
"1344","Sound Salmon Solutions","Stewardship Partners","CONS"
"1345","Thurston Conservation District","Pacific Education Institute","CONS"
"1346","Whidbey Environmental Action Network","Pacific Rim Institute","CONS"
"1348","The Nature Conservancy","UW","CONS"
"1349","Stillaguamish Tribe","WDOE","CONS"
"1354","Wild Fish Conservancy","Snohomish Conservation District","CONS"
"1356","WRIA 2","San Juan MRC","CONS"
"1378","WRIA 6","Wild Fish Conservancy","CONS"
"1379","Snohomish County","Pacific Shellfish Institute","CONS"
"1380","NMFS","Long Live the Kings","CONS"
"1391","WDOE","Kitsap County","CONS"
"1392","Whatcom County","Whatcom Land Trust","CONS"
"1393","Surfrider Foundation","Northwest Straits Commission","CONS"
"1398","WDFW","Nisqually River Council","CONS"
"1405","Nooksack Tribe","NWICC","CONS"
"1407","WSUX","HCCC","CONS"
"1410","City of Port Angeles","Lower Elwha Klallam Tribe","CONS"
"1413","Pierce County","Puyallup Tribe","CONS"
"1416","Stewardship Partners","Kitsap Conservation District","CONS"
"1417","Snohomish MRC","Stillaguamish Tribe","CONS"
"1428","Taylor Shellfish Farms","NWIFC","CONS"
"1432","WRIA 8","WDOE","CONS"
"1434","Environmental Coaliton of South Seattle","USACOE","CONS"
"1439","USFS","WSP","CONS"
"1445","Kitsap County","Pacific Northwest BioAssessment Monitoring","CONS"
"1446","US Navy","PSMEM","CONS"
"1449","King County","King Conservation District","CONS"
"1457","WRIA 2","San Juan Stormwater Group","CONS"
"1458","Citizens for a Healthy Bay","Citizens for a Healthy Bay","CONS"
"1460","WRIA 9","PSNERP","CONS"
"1464","Whatcom County","Whatcom County","CONS"
"1465","Nisqually Tribe","South Puget Sound Salmon Enhancement","CONS"
"1473","City of Newcastle","King County","CONS"
"1476","WDOE","NWRRT","CONS"
"1483","WDOE","Nisqually River Council","CONS"
"1492","City of Bothell","City of Redmond","CONS"
"1512","City of Bellingham","Whatcom PUD","CONS"
"1518","King County","City of Tacoma","CONS"
"1524","Great Peninsula Conservancy","WRCO","CONS"
"1532","UW","WSUX Mount Vernon","CONS"
"1533","Skagit County","Skagit Conservation District","CONS"
"1538","King Conservation District","NRCS","CONS"
"1540","WDFW","PSP","CONS"
"1543","WRIA 9","DRCC","CONS"
"1545","Chico Creek Task Force","Kitsap County","CONS"
"1548","Clallam County","Dungeness Water Users Association","CONS"
"1550","Jefferson County","Clallam County","CONS"
"1559","City of Seattle","Snohomish County","CONS"
"1562","Feiro Marine Life Center","Sequim School District","CONS"
"1564","WDFW","PS RITT","CONS"
"1565","Stewardship Partners","WRIA 7","CONS"
"1568","Puyallup Tribe","Washington Farm Forestry Association","CONS"
"1571","Association of Washington Cities","Forterra","CONS"
"1578","City of Gig Harbor","Puyallup Tribe","CONS"
"1580","City of Bellingham","WSUX Skagit","CONS"
"1583","UW Tacoma","Citizens for a Healthy Bay","CONS"
"1586","LOTT Clean Water Alliance","Thurston County","CONS"
"1589","Snoqualmie Watershed Forum","WDOE","CONS"
"1591","Clallam County Streamkeepers","Makah Tribe","CONS"
"1594","Stillaguamish Clean Water District","City of Arlington","CONS"
"1595","Greenfleet Monitoring Expeditions","Olympic Environmental Council","CONS"
"1597","Citizens for a Healthy Bay","NOAA","CONS"
"1598","South Puget Sound Salmon Enhancement","Mason Lead Entity","CONS"
"1600","WDOE","Office of Regulatory Assistance","CONS"
"1612","WDOE","Dungeness LLWG","CONS"
"1616","Snohomish Conservation District","WDOE","CONS"
"1623","Long Live the Kings","WRIA 2","CONS"
"1633","Snohomish Conservation District","Snohomish County Agricultural Board","CONS"
"1636","Stillaguamish Clean Water District","Seven Lakes Organization","CONS"
"1649","WDOE","Thurston Conservation District","CONS"
"1654","Friends of the San Juans","WDOE","CONS"
"1658","Skagit MRC","Skagit County","CONS"
"1666","Lower Hood Canal Watershed Coalition","Skokomish Tribe","CONS"
"1667","Skagit River System Cooperative","USFS","CONS"
"1676","Skagit MRC","Padilla Bay National Estuarine Research Reserve","CONS"
"1678","WSUX Kitsap","HCCC","CONS"
"1680","HCCC","Long Live the Kings","CONS"
"1691","City of Everett","USACOE","CONS"
"1693","Jefferson County","WDNR","CONS"
"1707","NOSC","Jefferson County","CONS"
"1708","Sierra Club","Sierra Club","CONS"
"1709","Suquamish Tribe","WDOE","CONS"
"1712","Stillaguamish Tribe","NWIFC","CONS"
"1721","Pierce Conservation District","City of Gig Harbor","CONS"
"1725","King Conservation District","Stewardship Partners","CONS"
"1727","Newcastle Weed Warriors","Seattle Tilth","CONS"
"1732","Stillwaters Environmental Education Center","Audubon Society","CONS"
"1744","Sound Salmon Solutions","Snohomish PUD","CONS"
"1745","Thurston Conservation District","WDOE","CONS"
"1749","Stillaguamish Tribe","NWIFC","CONS"
"1778","WRIA 6","Stillaguamish Tribe","CONS"
"1779","Snohomish County","Snohomish Health District","CONS"
"1792","Whatcom County","WDFW","CONS"
"1793","Surfrider Foundation","WDFW","CONS"
"1798","WDFW","WRIA 16/14b","CONS"
"1805","Nooksack Tribe","Whatcom PCAT","CONS"
"1807","WSUX","Hood Canal Salmon Enhancement","CONS"
"1810","City of Port Angeles","Port of Port Angeles","CONS"
"1813","Pierce County","Nisqually Tribe","CONS"
"1816","Stewardship Partners","Snohomish Conservation District","CONS"
"1817","Snohomish MRC","Tulalip Tribe","CONS"
"1821","Citizens for a Healthy Bay","City of Tacoma","CONS"
"1828","Taylor Shellfish Farms","Skagit Conservation District","CONS"
"1832","WRIA 8","PSEMP","CONS"
"1845","Kitsap County","S.T.O.R.M.","CONS"
"1846","US Navy","PNW SETAC","CONS"
"1849","King County","WDOE","CONS"
"1857","WRIA 2","WSUX Beachwatchers","CONS"
"1860","WRIA 9","PSSRC","CONS"
"1864","Whatcom County","Whatcom County","CONS"
"1865","Nisqually Tribe","Nisqually Land Trust","CONS"
"1873","City of Newcastle","WDOE","CONS"
"1876","WDOE","Puget Sound Harbor Safety Committee","CONS"
"1892","City of Bothell","City of Kirkland","CONS"
"1924","Great Peninsula Conservancy","Trust for Public Lands","CONS"
"1932","UW","Skagit Fisheries Enhancement","CONS"
"1933","Skagit County","Skagit Land Trust","CONS"
"1938","King Conservation District","King County Suburban Cities Association","CONS"
"1940","WDFW","The Nature Conservancy","CONS"
"1943","WRIA 9","WDOE","CONS"
"1948","Clallam County","Lower Elwha Klallam Tribe","CONS"
"1959","City of Seattle","UW","CONS"
"1964","WDFW","PSSRC","CONS"
"1965","Stewardship Partners","Wild Fish Conservancy","CONS"
"1966","The Nature Conservancy","Pacific Coast Shellfish Growers Association","CONS"
"1968","Puyallup Tribe","Pierce County","CONS"
"1971","Association of Washington Cities","Washington Conservation Voters","CONS"
"1983","UW Tacoma","Puyallup Watershed Council","CONS"
"1986","LOTT Clean Water Alliance","City of Lacey","CONS"
"1989","Snoqualmie Watershed Forum","Mountains to Sound Greenway","CONS"
"1991","Clallam County Streamkeepers","WDFW","CONS"
"1994","Stillaguamish Clean Water District","WSU Snohomish County Beachwatchers","CONS"
"1995","Greenfleet Monitoring Expeditions","PT AirWatch","CONS"
"1997","Citizens for a Healthy Bay","Pierce County","CONS"
"1998","South Puget Sound Salmon Enhancement","Thurston Conservation District","CONS"
"2000","WDOE","WRIA 8","CONS"
