"","x"
"1","Mason County"
"2","NPS"
"3","Northern Economics"
"4","City of Puyallup"
"5","City of Seattle"
"6","NWIFC"
"7","Thurston County"
"8","Skagit Conservation District"
"9","WDOE"
"10","Stanford"
"11","City of Edmonds"
"12","Wolf Hollow Wildlife Rehabilitation Center"
"13","Snohomish Conservation District"
"14","Snohomish County"
"15","City of Bonney Lake"
"16","WWU"
"17","Long Live the Kings"
"18","WRIA 10/12"
"19","WDFW"
"20","Skagit County"
"21","Stillaguamish Tribe"
"22","WSUX Mason"
"23","USFWS"
"24","City of Sammamish"
"25","Skagit Tribe"
"26","Stillaguamish Clean Water District"
"27","Whidbey ECO Net"
"28","WRIA 8"
"29","WSUX Island Waste Wise"
"30","City of Everett"
"31","South Whidbey Tilth"
"32","West Sound Watershed Council"
"33","San Juan MRC"
"34","Port Townsend Marine Science Center"
"35","City of Mill Creek"
"36","South Puget Sound LIO"
"37","Friends of the San Juans"
"38","Mason County Public Health"
"39","Skagit MRC"
"40","South Sound LIO"
"41","LakeWhatcom.org"
"42","Snohomish MRC"
"43","Pierce Conservation District"
"44","Lower Hood Canal Watershed Coalition"
"45","Skagit River System Cooperative"
"46","NWFSC"
"47","Washington Trollers Association"
"48","Feiro Marine Life Center"
"49","Jefferson County"
"50","Puget Sound Institute"
"51","NMFS"
"52","NOAA"
"53","WSUX Kitsap"
"54","UW"
"55","HCCC"
"56","USCG"
"57","City of Tumwater"
"58","WSUX Jefferson"
"59","Northwest Indian College"
"60","Jefferson MRC"
"61","Water Tenders"
"62","City of Gig Harbor"
"63","Friends of North Creek Forest"
"64","WWU/Huxley College on the Peninsulas"
"65","South Puget Sound Salmon Enhancement"
"66","Sudden Valley Community Association"
"67","San Juan County Water Resources Management Committee"
"68","Clallam County"
"69","Suquamish Tribe"
"70","Port of Tacoma"
"71","Seattle Aquarium"
"72","Futurewise"
"73","City of Bellingham"
"74","PNNL"
"75","NatureBridge"
"76","Newcastle Weed Warriors"
"77","Stillwaters Environmental Education Center"
"78","City of Bothell"
"79","City of Oak Harbor"
"80","PSP"
"81","Island MRC"
"82","WDOH"
"83","Sound Salmon Solutions"
"84","Thurston Conservation District"
"85","Nisqually Land Trust"
"86","The Nature Conservancy"
"87","Wild Fish Conservancy"
"88","Puget Soundkeeper Alliance "
"89","WRIA 2"
"90","Pacific Denkmann Company"
"91","WSUX CarbonMasters"
"92","Seattle Audubon"
"93","Urban Wilderness Project"
"94","Friends of the Issaquah Salmon Hatchery"
"95","SPU"
"96","City of Lacey"
"97","WDNR"
"98","Vashon Beach Naturalists"
"99","Pierce County"
"100","WRIA 6"
"101","Whatcom ECO Net"
"102","San Juan County"
"103","Washington Environmental Council"
"104","Whatcom County"
"105","Northwest Straits Commission"
"106","Mason Conservation District"
"107","Washington Sea Grant"
"108","WRIA 2 TAG"
"109","Nooksack Tribe"
"110","WSUX"
"111","Nooksack Salmon Enhancement Association"
"112","City of Port Angeles"
"113","City of Bremerton"
"114","Stewardship Partners"
"115","Taylor Shellfish Farms"
"116","Nisqually Tribe"
"117","Citizens for a Healthy Bay"
"118","USACOE"
"119","City of Kirkland"
"120","City of Bellevue"
"121","Feet First"
"122","City of Orting"
"123","WSUX Clallam"
"124","Environmental Coaliton of South Seattle"
"125","Padilla Bay National Estuarine Research Reserve"
"126","USFS"
"127","WSP"
"128","Sound Experience"
"129","PSP Leadership Council"
"130","US Navy"
"131","Nisqually River Foundation"
"132","King County"
"133","Point No Point Treaty Council"
"134","Lummi Tribe"
"135","Hood Canal Salmon Enhancement"
"136","Skagit Fisheries Enhancement"
"137","Bainbridge Island Watershed Council"
"138","Whidbey Conservation District"
"139","City of Redmond"
"140","City of Newcastle"
"141","NOSC"
"142","WSUX Beachwatchers"
"143","North Olympic Timber Action Committee"
"144","Kitsap Public Health District"
"145","Skokomish Tribe"
"146","South Sound Phase II Group"
"147","City of Arlington"
"148","USEPA"
"149","WSUX Thurston"
"150","City of Bainbridge Island"
"151","City of Milton"
"152","Great Peninsula Conservancy"
"153","Resource Media"
"154","Citizens of Orcas Island"
"155","Point Defiance Zoo & Aquarium"
"156","King Conservation District"
"157","WRIA 9"
"158","National Park Service"
"159","Chico Creek Task Force"
"160","OrcaNet"
"161","Jefferson Conservation District"
"162","Association of Washington Cities"
"163","Kitsap County"
"164","Coupeville Middle School"
"165","Kitsap PUD"
"166","UW Tacoma"
"167","Dumas & Associates, Inc."
"168","LOTT Clean Water Alliance"
"169","San Juan County Land Bank"
"170","Kitsap Conservation District"
"171","Snoqualmie Watershed Forum"
"172","Jamestown S'Klallam Tribe"
"173","Clallam County Streamkeepers"
"174","Stillaguamish Watershed Council"
"175","Skagit Land Trust"
"176","Chambers/Clover Watershed Council"
"177","USDA"
"178","Sierra Club"
"179","Whidbey/Camano Land Trust"
"180","Whidbey Environmental Action Network"
"181","Whatcom MRC"
"182","Bainbridge Beach Naturalists"
"183","Salmon Recovery Funding Board"
"184","Island County Water Resources Advisory Committee"
"185","Surfrider Foundation"
"186","Nisqually River Council"
"187","Clallam Conservation District"
"188","Friends of Freeland"
"189","Greenfleet Monitoring Expeditions"
"190","San Juan ECO Net"
"191","City of Lake Stevens"
"192","City of Sequim"
"193","Island County"
"194","City of SeaTac"
"195","City of Poulsbo"
"196","SeaDoc Society"
"197","Environmental Science Associates"
"198","Olympic Outdoor Center"
"199","City of Snohomish"
"200","Puyallup Tribe"
"201","Trout Unlimited"
"202","Squaxin Tribe"
"203","San Juan Island Conservation Corps"
"204","Sustainable Ballard"
"205","Thurston Stream Team"
"206","Northwest Straits Foundation"
"207","Whale Museum"
"208","Nisqually Habitat Work Group"
"209","City of Sumner"
"210","PSP Science Panel"
"211","Tulalip Tribe"
"212","S.T.O.R.M."
"213","Washington Conservation Commission"
"214","Seven Lakes Organization"
"215","Whidbey Audubon"
"216","Friends of the Cedar River Watershed"
"217","WSUX Beach Watchers"
"218","Seattle City Light"
"219","South Whidbey Tilth Association"
"220","NSEA"
"221","Oakland Bay Clean Water Advisory Group"
"222","Marine Mammal Stranding Network"
"223","South Sound GREEN"
"224","San Juan Conservation District"
"225","12,000 Rain Gardens"
"226","WRIA 16/14b"
"227","Fish Park Steering Committee"
"228","NW Area Committee"
"229","Portage Bay Shellfish Protection District"
"230","REI"
"231","Snohomish County Tomorrow"
"232","West Sound SOG"
"233","Capitol Land Trust"
"234","WWIN"
"235","City of Friday Harbor"
"236","Tacoma Metro Parks"
"237","City of Anacortes"
"238","RE Sources"
"239","Weed Warriors"
"240","Puget Sound Anglers"
"241","PSSRC"
"242","DFI/TFI"
"243","Duwamish Alive Coalition"
"244","Power Past Coal"
"245","Foss Oil Spill NRD Trustees"
"246","Northwest Region Tribal Governments"
"247","Salmon Education Alliance"
"248","Washington Lake Protection Association"
"249","Vashon Park District"
"250","Forterra"
"251","NANOOS"
"252","Whatcom Land Trust"
"253","Puget Sound Restoration Fund"
"254","PNAMP"
"255","Pacific Oil Spill Prevention Education Team"
"256","WRIA 1"
"257","Whatcom Conservation District"
"258","ECOSS"
"259","Skagit Conservation Education Alliance"
"260","EarthCorps"
"261","Hood Canal Dissolved Oxygen Program"
"262","Environmental Coalition of South Sound"
"263","Strait ERN"
"264","Northwest Straits"
"265","Skagit Watershed Council"
"266","Pacific Education Institute"
"267","Harbor Wildwatch"
"268","King County Lake Stewardship Program"
"269","Pacific States/British Columbia Oil Spill Taskforce"
"270","LSC Partnership"
"271","NWAC"
"272","South Sound Estuary Association"
"273","NPDES Phase II Municipalities"
"274","The Natural Capital Project"
"275","Friday Harbor Labs"
"276","Pierce Stream Team"
"277","City of Tacoma"
"278","Western Washington Agricultural Association"
"279","Puyallup Watershed Council"
"280","Environmental Science Center"
"281","Clear Creek Task Force"
"282","WSUX Snohomish"
"283","WSU"
"284","Carkeek Watershed Community Action Project"
"285","American Farmland Trust"
"286","BBAT"
"287","City of Shoreline"
"288","Pacific Rim Institute"
"289","KEEP"
"290","San Juan Preservation Trust"
"291","San Juan Island Farmer's Market"
"292","WSUX Puyallup"
"293","Sustainable Seattle"
"294","WSUX Native Plant Salvage Project"
"295","Bullit Foundation"
"296","Nisqually Reach Nature Center"
"297","North King SOG"
"298","Puget Sound Conservation District Caucus"
"299","Warm Beach Community Association"
"300","Snohomish Forum"
"301","Skagit Environmental Endowment Commission"
"302","Whatcom Ag-Watershed Project"
"303","Dungeness Clean Water Work Group"
"304","BEACH Program"
"305","Adopt-a-Stream Foundation"
"306","WWU SPMC"
"307","Clallam MRC"
"308","Northwest Aquatic and Marine Educators"
"309","Pacific Shellfish Institute"
"310","NWRRT"
"311","Thurston SOG"
"312","Puget Sound Regional Council"
"313","Lake Whatcom Policy Group"
"314","Eastsound Water Users Association"
"315","WRCO"
"316","City of Burlington"
"317","National Marine Sanctuary Program"
"318","PSP Toxics Work Group"
"319","Puget Sound Local Integrating Organizations"
"320","Port Susan Marine Stewardship Area"
"321","Ducks Unlimited"
"322","Swan Lake Watershed Preservation Group"
"323","BBWARM District"
"324","Northwest Region County Departments"
"325","Island County Astronomical Society"
"326","Puget Sound Keepers"
"327","Keepers of Pt. Robinson"
"328","Snohomish Health District"
"329","Governor's Salmon Recovery Office"
"330","Sustainable Lands Strategy"
"331","WA Coast MRCs"
"332","Governor's Monitoring Forum"
"333","Pacific Coast Congress of Harbormasters"
"334","Marine Resource Committee"
"335","NPDES Coordinators"
"336","Pacific Coast Shellfish Growers Association"
"337","Pierce ECO Net"
"338","Deception Pass Foundation"
"339","PSEMP"
"340","Olympic ESD"
"341","Foss Waterway Seaport"
"342","Lead Entity Advisory Group"
"343","Friends of the Earth"
"344","Chimacum School District"
"345","DRMT"
"346","The Outdoor Classroom"
"347","South Whidbey Fire/EMS"
"348","WSUX 4H"
"349","Restore America's Estuaries"
"350","Environmental Education Association of Washington"
"351","Port Gamble S'Klallam Tribe"
"352","Tacoma-Pierce County Health Department"
"353","Skagitonians to Preserve Farmland"
"354","Audubon Society"
"355","Snoqualmie Tribe"
"356","Skagit Dike Districts"
"357","Jefferson Land Trust"
"358","Sustainability Coalition"
"359","WaterPAK (purveyors of Kitsap)"
"360","Whatcom Farm Friends"
"361","Coffelt Farm Stewards"
"362","Mid-Sound Fisheries Enhancement"
"363","WSU Snohomish County Beachwatchers"
"364","Olympic Forest Coalition"
"365","WRIA 7"
"366","Stanwood Democrats"
"367","ESRP"
"368","Sound Citizen"
"369","Lower Elwha Klallam Tribe"
"370","HCWEN"
"371","WSUX Shore Stewards"
"372","North Olympic Land Trust"
"373","City of Olympia"
"374","Coastal Watershed Institute"
"375","Killer Whale Tales"
"376","City of Mount Vernon"
"377","WSUX Whatcom"
"378","Oak Harbor School District"
"379","DRCC"
"380","Northwest Region Conservation Districts"
"381","Mountains to Sound Greenway"
"382","Thurston ECO Net"
"383","Save Lake Sammamish"
"384","NFWF"
"385","Clean Marina Washington"
"386","KGI Watershed Council"
"387","Puget Sound Watershed Leads"
"388","Edmonds Community College"
"389","PS RITT"
"390","PSP Stormwater Work Group"
"391","ENVVEST"
"392","North Mason School District"
"393","National Wildlife Federation"
"394","Sustainable Bainbridge"
"395","Lake Whatcom Water & Sewer District"
"396","Washington Water Trust"
"397","Washington Association of Land Trusts"
"398","WRIA 17"
"399","City of Eatonville"
"400","Whidbey General EMS"
"401","WOSPI"
"402","Trust for Public Lands"
"403","Russell Foundation"
"404","PCC Farmland Trust"
"405","Washington Conservation Corps"
"406","Kitsap Stream Stewards"
"407","Partnership for Water Conservation"
"408","Sustainable Connections for Whatcom County"
"409","Bertrand Watershed Improvement District"
"410","WSU Skagit County Beachwatchers"
"411","South Central Action Area LIO"
"412","Mason Lead Entity"
"413","San Juan Island Preservation Trust"
"414","Dungeness Water Users Association"
"415","Natural Capital Project"
"416","WRIA 5"
"417","Chambers Creek Restoration Team"
"418","Skagit Climate Science Consortium"
"419","Salish Sea Expeditions"
"420","Environment WA"
"421","Conservation Northwest"
"422","10,000 Year Institute"
"423","The Whale Trail"
"424","City of Sedro-Woolley"
"425","PHSKC"
"426","NRCS"
"427","USGS"
"428","Island County Audubon Society"
"429","Water Conservation Coordinating Committee"
"430","Muckelshoot Tribe"
"431","NWICC"
"432","Pierce County Shellfish Partners"
"433","Green Shorelines Steering Committee"
"434","City of Issaquah"
"435","Swinomish Tribe"
"436","Evergreen State College"
"437","PSMEM"
"438","Chehalis Basin Education Consortium"
"439","Whatcom PUD"
"440","Watershed Leads"
"441","Bainbridge Island Weed Warriors"
"442","Puget Sound Harbor Safety Committee"
"443","Henderson/Nisqually Shellfish District"
"444","Hood Canal Environmental Council"
"445","City of Lynden"
"446","Snohomish PUD"
"447","MRC"
"448","City of Port Townsend"
"449","North Lynden Watershed Improvement District"
"450","Stillwaters Environmental Center"
"451","BLM"
"452","Samish Tribe"
"453","COSEE"
"454","RFEGC"
"455","Green Tacoma Partnership"
"456","Sno-Isle Libraries"
"457","APCC"
"458","Port of Seattle"
"459","Deception Pass Boat Tours"
"460","PSSH"
"461","Bainbridge Island Land Trust"
"462","Whatcom PCAT"
"463","WDOT"
"464","PNW SETAC"
"465","PSNERP"
"466","Washington Conservation Voters"
"467","City of Coupeville"
"468","WSUX Island"
"469","North Olympic Lead Entity"
"470","Evergreen Flyfisher Club"
"471","City of Ferndale"
"472","National Resource Conservation Service"
"473","City of Tukwila"
"474","Tacoma Public Utilities"
"475","Seattle Public Schools"
"476","Quileute Tribe"
"477","Clean Water Advisory Board"
"478","Snohomish SOG"
"479","WRIA 11"
"480","Nisqually Salmon Habitat Work Group"
"481","Snohomish/Camano ECO Net"
"482","WALPA"
"483","WRIA 6 TAG"
"484","RFEGP"
"485","The Northwest Straits Foundation"
"486","PSP ECB"
"487","Washington CDs"
"488","PSP Oil Spill Work Group"
"489"," "
"490","Island County MRC"
"491","Pipers Creek Watershed Council"
"492","National Sea Grant"
"493","Nature Vision"
"494","Maury Marine Reserve Group"
"495","Island LIO"
"496","WRIA 14"
"497","Clallam County Economic Development Council"
"498","ECM Stormwater"
"499","Kitsap ECO Net"
"500","City of Renton"
"501","Northwes Straits Initiative"
"502","Lake Ballinger Forum"
"503","Whatcom LIO"
"504","Island County Beachwatchers"
"505","WRIA 13"
"506","Fish and Wildlife Foundation"
"507","Sustainable Renton"
"508","Port Angeles School District"
"509","Chumsortium"
"510","SLS"
"511","Young Beach Stewards"
"512","Clean Samish Initiative"
"513","PSP Performance Management Committee"
"514","Oregon DEQ"
"515","USDOE"
"516","Boeing Foundation"
"517","North Pacific Coast MRC"
"518","Island Conservation District"
"519","NOAA B-WET"
"520","Skokomish Watershed Action Team"
"521","Idaho BHS"
"522","Cama Beach Foundation"
"523","Miller-Walker Basin Stewardship Program"
"524","WRIA 15"
"525","NOAA Environmental Literacy Grants"
"526","OEC"
"527","Dungeness LLWG"
"528","Clallam CWWG"
"529","King County ECO Net"
"530","Snoqualmie Valley Cities"
"531","Silverdale Water District"
"532","East Jefferson Watershed Council"
"533","RH2 Engineering"
"534","WSUX Skagit"
"535","Frause Reearch"
"536","MRSC"
"537","Peninsula College"
"538","Coastal Geologic Services"
"539","PMEL"
"540","Friends of Julia's Gulch"
"541","Salmon Recovery Task Force"
"542","E3 Washington"
"543","City of Stanwood"
"544","Island County Public Health"
"545","USDOI"
"546","City of Kent"
"547","Sustainable West Seattle"
"548","Tahoma Audubon Society"
"549","Parametrix Engineering"
"550","Washington State Dairy Federation"
"551","Woodland Park Zoo"
"552","PSP Stewardship Team"
"553","American Whitewater"
"554","Misc small cities within the WRIAs"
"555","Makah Tribe"
"556","Pierce County ECO Net"
"557","Puget Sound Environmental Caucus"
"558","Dungeness River Audubon Center"
"559","Innovative Landscape Technologies"
"560","Battelle Marine Laboratory"
"561","Jefferson County Public Lands Group"
"562","Inmigrantes Unidos de Shelton"
"563","Port of Everett"
"564","PSRC"
"565","City of Port Orchard"
"566","Salish Sea Biological"
"567","NAME"
"568","Washington Farm Bureau"
"569","Nisqually River Education Project"
"570","Camano CARE"
"571","Stillaguamish River Flood Control District"
"572","Upper Columbia Salmon Recovery Board"
"573","Chambers of Commerce"
"574","Port Angeles Chamber of Commerce"
"575","Sustainable Fisheries Partnership"
"576","Stewards of Normandy Cove"
"577","King County Flood Control District"
"578","American Rivers"
"579","SRSC"
"580","USDOD"
"581","South Whidbey School District"
"582","Jones and Jones Architects"
"583","WDOA"
"584","Shoreline Solar"
"585","Sustainable Development Task Force of Snohomish County"
"586","APWA"
"587","Olympic Park Associates"
"588","KPG Design"
"589","Island Recycling"
"590","Confluence Environmental Company"
"591","Port of Anacortes"
"592","Hood Canal Improvement Club"
"593","Washington State Nursery & Landscape Association"
"594","NWPMA"
"595","PS Builders Association"
"596","Puget Creek Society"
"597","PenMet Parks"
"598","King County Forestry Commission"
"599","Kingston Citizen Advisory Committee"
"600","Marine Spill Response Corporation"
"601","Vashon Land Trust"
"602","San Juan Water Resources Committee"
"603","CCA"
"604","Rhithron Associates"
"605","Clallam PUD"
"606","Washington Forest Protection Association"
"607","SCJ Alliance"
"608","North Mason Voice"
"609","Longhouse Media"
"610","OHAP"
"611","Key Peninsula Parks"
"612","Seattle Tilth"
"613","Pacific Northwest BioAssessment Monitoring"
"614","San Juan Stormwater Group"
"615","WSUX Mount Vernon"
"616","Sequim School District"
"617","Washington Farm Forestry Association"
"618","Olympic Environmental Council"
"619","Office of Regulatory Assistance"
"620","Snohomish County Agricultural Board"
"621","Port of Port Angeles"
"622","King County Suburban Cities Association"
"623","PT AirWatch"
