"","ID","ORG","Detail"
"1","c8b6752de01f42aeb4788518aa5fa4d6","NMFS",""
"2","cbd2922df03148d2908f4749bf7cbe19","UW",""
"3","076de75e52be4644a3e67429a0db3802","Stanford",""
"4","015a9498b1ff426c99eee515e267bd86","Northern Economics",""
"5","0d49706b5ed04c0ba5f8039ef4da0479","WWU",""
"6","6451ede0d2b74455a7074f746b0c21c0","Seattle Audubon",""
"7","af3b175c583d4e40be8afe64a327bff0","Pierce County","Surface Water Management"
"8","de949b52664c442d91a773f57be6e9b9","UW",""
"9","c78826b68cb04b03bd61375101a04877","SeaDoc Society",""
"10","7569d58d7acd47b8ba49745d4020b444","NOAA",""
"11","dde90c069dd441179cc86d342892db0d","Skagit County",""
"12","e8088d5d08014025939a2911d2c2e6d6","Association of Washington Cities",""
"13","c622faf6ab714c648d9444a332c097f3","Snohomish County","Surface Water Management"
"14","45b25a0d126f42469ba5abda73b992f1","NOAA","B-WET/Olympic Coast NMS"
"15","026fbc983d1d412192bb4743d4407803","NWIFC",""
"16","8a7e93b0c1c94833b3f3aa56b23380e4","WSUX Clallam",""
"17","1a9ecd8bb99d4d338438f1ee3fac189c","South Whidbey Tilth",""
"18","ece61887c37b433baa22c5c99bf7eb75","Coupeville Middle School",""
"19","a62c52f17f42447c8ac40bf66765673a","WDOE",""
"20","70e0b3990abb4b4892c4f3eb64972063","Whidbey Environmental Action Network",""
"21","a5fb3a7c9b9e4261b02c763ec37a74c1","NOSC",""
"22","2f1c263587574e2ca7fb95481090b7d2","WSUX Kitsap",""
"23","903e398938f04dc5a09447bad88da079","PSP Leadership Council",""
"24","03d30968591c4af0bc1ceabd66dfb59d","Thurston County","Public Health"
"25","e04bae2f2aeb4478b29ef892d51f6d5f","Feiro Marine Life Center",""
"26","225a310f01014ae4a7615538ec4ab979","South Puget Sound LIO",""
"27","31b173cd978049cabaa6867e7a529fc4","City of Tumwater",""
"28","e52a819f6d2e445eb57a41ca76f58105","The Nature Conservancy",""
"29","860edaaa7e3b42efb1abb77320956142","USACOE",""
"30","8e96843f10c54a74afcb3841a776ce94","Pierce Conservation District",""
"31","bcca398f87504eca8e9dcee511c2ce81","Friends of Freeland",""
"32","16f1df8aa7664f9290a4b8a98261b846","WSUX Island Waste Wise",""
"33","52a55cd5a949408cb39541a786bcfa9b","City of Oak Harbor",""
"34","78b926cd64424aea8cf22eaad80c04ac","Northwest Straits Commission",""
"35","17995cc5ae3741df8a1d6d21b316a79c","WDOE ","Hazardous Waste & Toxics Reduction Program"
"36","10bdef03a14048748b8862f71442c044","WSUX Mason",""
"37","23773979301749b4a3ed4850a3c196db","Mason County Public Health",""
"38","7d31bd9c8acb43f1847dc10844cdf024","WSUX",""
"39","343e7326e6314a00ba9e13b4d43299c6","WSUX Mason",""
"40","fa756dada5a446658af0544e6973a0fa","Clallam County Streamkeepers",""
"41","dd8febef00824b3aad051ab27829d03e","NWFSC",""
"42","006a558bad564f95a483d151fb8648a4","Mason County","Public Health"
"43","2eda21d9e7d746d8a01887282f0c0faf","Trout Unlimited",""
"44","9a2751b960aa4e7caf08cd07ca9e319e","King County",""
"45","dcb2d49ab59e4e3d885641568843d67b","Snohomish Conservation District",""
"46","6b702831b99c40efa6af5bc12805bc44","Vashon Beach Naturalists",""
"47","4a25f7ac155d471dab399c1ced9c2669","Newcastle Weed Warriors",""
"48","357615ce586d4488a9d6dbef3bbaa8e6","Water Tenders",""
"49","46433dfb43334e399f74255f96f6d015","Futurewise",""
"50","3281f5ed59084bd7af73653473c9a6af","WSUX Jefferson",""
"51","ad52c6af550e49e29d85c7bd2af92a89","WSUX Beachwatchers","Island County"
"52","b24504a277814bfd94fb7ee1595274c0","City of Bothell",""
"53","f64e445c49144c87bd17567a47c48c4a","Dumas & Associates, Inc.",""
"54","47f510fd175e4fbab162ff7b578d5fd8","City of Bellingham",""
"55","86bc8bd13b004d7f88106805d0c5fdb3","City of Kirkland",""
"56","49e3358851654c0395fdf86be8335054","NatureBridge",""
"57","c251e77cf58641309f9a2a59099fcd47","City of Bellingham",""
"58","57f1460b76f247fab92126b6e0cda83e","Thurston Conservation District",""
"59","b0a23bad12e84928a6df31ee187c3fd9","WDOE",""
"60","a510f353612a4ecdb024274cc90a888e","Northwest Straits Commission",""
"61","0e37c143455046cea0b7db5134d197a0","WRIA 10/12","Lead Entity"
"62","e7ae8d8b70d14b0ca4ab20f546443604","Trout Unlimited",""
"63","034d469bc8f34aa387f640a82401fd4f","Kitsap County","Public Works Surface and Stormwater Management Program"
"64","f3b5e5675feb4ca9b61945248e9fc91b","City of Bellingham","Surface and Stormwater Utility"
"65","8341b241481f41b083e9dba184feced3","Taylor Shellfish Farms",""
"66","bd54595d77044cb1aa61dfe270f4a251","Stillaguamish Tribe","Natural Resources"
"67","d6f811700881466cb261de6d05e81ab1","National Park Service","Olympic National Park"
"68","8f7217ec73be43c5955f4189bbce58f6","Sound Experience",""
"69","94f4389f76a148789adcebd6f59ea471","Island Salmon Recovery Lead Entity",""
"70","474716c43df24e0981894e7b59a76c1a","Pierce Conservation District",""
"71","5af2c15b834047df93bc9e29a6fcd3ca","Stillaguamish Tribe",""
"72","60115526a17a4abbb50820883884d23e","Puget Soundkeeper Alliance ",""
"73","546ec1911f1a4060ae23581b60ac5767","WWU",""
"74","d9d74c2938cf4dbcbf26fe0bc8bd2463","Clallam County",""
"75","308b96b6fdc2403f9a1bc2a7d2381051","HCCC",""
"76","907d1eb0ef5848a5a305e7991ef2dde3","Kitsap County","Surface and Stormwater Management"
"77","009ec89ea5b0427d892cd9878eaa9eee","Surfrider Foundation",""
"78","8717b6aaa4b743419aead5642257f8b4","Feet First",""
"79","9826ea46c05e43f0912b94c7a7bab2b2","Citizens for a Healthy Bay",""
"80","4298a21a130743d194b6e44218e4f915","Seattle Aquarium",""
"81","882323c8ac2044d2a161e0a41a70d6bd","Stillaguamish Tribe",""
"82","2eb866f2d78044098948620c82e0a3b6","Skagit MRC",""
"83","6821f92f7dd34f63ba739c21d3d768e5","WDNR",""
"84","479eed14945a43fc8d9f01c5c1ccb96f","Jefferson CWDAC",""
"85","9b7da88b9fe84a7d8f88ee1c0719d766","Whatcom County","Public Works"
"86","210460515db2490fb96c80d7a7f38594","San Juan MRC",""
"87","557117c87bce49dfb936df5e44f3c9c8","Island MRC",""
"88","5d46e482660a4f168a154bb068492257","Whatcom MRC",""
"89","99830c8841b248b88cec920429c2e5b1","San Juan MRC",""
"90","978d3a43c23345208e6a26e424c422a0","Skagit Fisheries Enhancement",""
"91","75b52ef918e64c2ea8dc9c3b849ea79f","WDOE",""
"92","7e9aad5856df4e62919cc4432a17d544","San Juan MRC",""
"93","04d1ae8fcdd744b09ff7622c2dbf7681","Skagit Conservation District",""
"94","818ec546015e417dba021099ae0d2176","WRIA 8",""
"95","a2d74b3189e64ffea42e9789447f2333","Whatcom MRC",""
"96","3a5525c950e341fba31fd1bbfc09a3db","South Puget Sound Salmon Enhancement",""
"97","4b2119336c3e4d6fbb071a9e1f262d3d","Skagit MRC",""
"98","3a1fe933bdbb4724b435b3ff37c84d65","City of Seattle",""
"99","2e1b07c00355444c8cded03503f836a9","NMFS",""
"100","c2fdc7893416409694533ce3f777ec7c","Washington Environmental Council",""
"101","6867db0aa4b5452d880da94a4cdddfee","Snohomish County","Surface Water Management"
"102","2defc3bbab504d4ea262def7c46dad75","Puget Sound Institute",""
"103","38afa8a728ab41e9a833d25789af4ed0","WWU/Huxley College on the Peninsulas",""
"104","ebc2f06c3cb24586893b7ba6b5eb214a","Whatcom MRC",""
"105","c5c55e20504b45d4b48eb07a502d73c3","USEPA",""
"106","a70f4f908457497a9f803ffd1cf51683","Olympic Outdoor Center",""
"107","6d59d0654ee642d89b5530cdbb7c657d","Bainbridge Beach Naturalists",""
"108","43fcb14ba11a44f1b1a1c4ec0fb60baa","Bainbridge Island Watershed Council",""
"109","7c5079f90fec444e82439b62b147f656","UW",""
"110","c416cd6482c14c98aa911ca1ea8e82b3","Port of Port Angeles",""
"111","9e39bb17a1b94ab3848e3ed692ed0f4c","Kitsap County","Solid Waste Division"
"112","20ed328ecd7d4c6aba8e767830fd18de","West Sound Watershed Council",""
"113","02003cc464604500accd642e65bb983e","City of Seattle","Restore Our Waters Program"
"114","7f634f4a0a9c42a7af708afa0598b9a1","City of Bremerton",""
"115","97e0d5de607d4bf8b4ca5e9131d2417a","WRIA 2",""
"116","50e471b451b14e7cbc81b6bacfd11729","PSP Leadership Council",""
"117","900befdefe9f4fdc90879ba87df394e0","WDFW",""
"118","c164ed85263f44c88c9cc463bfa9dd5a","City of Milton",""
"119","92e8318132544c858fbc8248c1ed1e46","Nisqually River Foundation",""
"120","a50a78a8c8044df7ad710910bc3afa53","City of Newcastle",""
"121","86dc5fdd8708426f949ceff3ef095c28","City of Bellevue",""
"122","0c093a4346ed4743a84185170e6f4a1e","City of Bonney Lake",""
"123","7b2234113f0c4560acee76067435543a","City of Puyallup",""
"124","8cee0406d86744df85695fb2c7275e93","Pierce County","Surface Water Management"
"125","b6d3aaf03542471887dc49d6083b31fc","Snohomish County",""
"126","c75c64322a764a888fd59e33ad901306","City of Kent",""
"127","d6ee873da574412aa26c9c5b83259211","WRIA 9",""
"128","e0309563a815430ebf30f4ad011cc3df","City of Seattle","Public Utilities"
"129","bd85f717d12c45a99734f2c78ed1c7e2","City of Arlington",""
"130","bfabe09b761544b19f641db12d8f790c","WSUX Thurston",""
"131","e09ffb29067a47a58d94bb65f4979378","WSUX Kitsap",""
"132","34e64c60d6f840178521c02d11ff99e3","Thurston County",""
"133","7c8c4dec2ffe49368c9304669397bd70","WRIA 2 TAG",""
"134","21a0801bf3ef422facd7814003bd4354","City of Mill Creek",""
"135","12d0787b2d114157b72cdd6532c68dea","City of Sammamish",""
"136","364d05d9b49144c29dd84578e3363697","City of Gig Harbor",""
"137","926ffdd05fc1490f8ae9a277cd698305","Thurston County",""
"138","a6a66b6b9da448be8c1789e634d7a091","Whatcom County","Health Department"
"139","4dc4010e16ca470ba45d9787864ce010","City of Bothell",""
"140","4c9c7e1c29334eadb87a400e4feb3829","Stillwaters Environmental Education Center",""
"141","373ce528c68d4cd2a64cde8f1f1f7f03","Friends of North Creek Forest",""
"142","ca22d290020c493cbd4043f31d0791f2","Resource Media",""
"143","daf158a0884244b79c52c728f90dc782","RE Sources",""
"144","8243be9409dc4dc595bddabde835fcd1","Stewardship Partners",""
"145","7ab70a968c274afda8b1fba41024ff11","WDFW",""
"146","800cc3d5fab04d57a5c0688ef0cdb081","Pierce County","Surface Water Management"
"147","5d1f798eefe24b9395ea6f80730d6ecf","WDFW",""
"148","6d8d3c2f21fc4ad99210ead1fe22c995","WRIA 6",""
"149","f8465281779e46a58b12bea9de915c01","San Juan County Land Bank",""
"150","18d2fc16fa61417087f9ad15ed0fffb7","City of Everett",""
"151","95788804aa2e4b148f3882eb18d425c3","Point No Point Treaty Council",""
"152","fa52b07923e14ccb82ba141ec433c65d","Jamestown S'Klallam Tribe",""
"153","d0e3703c62e44714a1e7e9e511f898c5","King Conservation District",""
"154","c3a5859fbb6f448d856c66365b476d4c","North Central Action Area LIO and West Sound LE",""
"155","8acb035f43164b9baf62e428ea6c018a","WRIA 8",""
"156","1522081210eb4717b656c20e459ee928","Snohomish Conservation District",""
"157","2af5352e4b28408494d511f043d251a2","Skagit River System Cooperative",""
"158","0799627615404272acf49ee610bccd8a","Wolf Hollow Wildlife Rehabilitation Center",""
"159","edadc5288a64424ca410c883f2659389","Whidbey Conservation District",""
"160","81356f77b3644d7ea32006aa782609f9","Stillaguamish Clean Water District",""
"161","74849571ff5b44589dbbc1077efbcced","UW",""
"162","32e9127ccc3340d1a13dfa480216de16","USDA",""
"163","6d36e37be8f044d8ad571c2b5f91a021","Pierce County",""
"164","e749180241c149fd8ffa8a3540f39d9d","City of Bellingham",""
"165","bace702a3ba64e6cac7e235cc9515a5b","City of Snohomish",""
"166","271051e725f04b8c941630617ed26024","Skagit Tribe",""
"167","b68cc381057a4670853edc3ba6f6a9f3","City of Poulsbo",""
"168","396b737966e24d67b35368e3700e5148","Kitsap County","Dept. of Community Development, Natural Resources Division"
"169","eaf3b414e624460091b577b2368e266c","Kitsap County",""
"170","23553fcf6a8346bf99f6e3ba98150550","Chambers/Clover Watershed Council",""
"171","7b4b8e47af714bca86a5323d0cb8c33f","Island County",""
"172","19655e19c0904d82969b44f35e5ba332","City of Seattle",""
"173","ffaf48fd5aa744de8f983563f0a52413","USFWS",""
"174","b5f3f302588849a2aefaf7992778f64d","Skokomish Tribe",""
"175","a646036157d84f2cb580ea5aa7abaa95","WSUX Beachwatchers",""
"176","72006669f95548d7ba237868ae623bb3","Washington Environmental Council",""
"177","16d52f81007544c5b957baa29b9d0ae1","WRIA 8","PSSRC"
"178","0d52d688cb5949f392533440b71c7a0d","Still Hope Productions",""
"179","9e1404ab3ab84088a02c1245fa1bc014","City of Redmond",""
"180","e23c9d52fe7e4d77af7d53be49c30334","WDFW",""
"181","d7be728662e94391ad5ccdfba8f01505","Chico Creek Task Force",""
"182","c7fc2661399d4f478754fdf1c6434110","WDFW",""
"183","8a0e8a0542394d29b318bd717d9986f1","UW",""
"184","488ebe1c136548a9b0fd3b9a2a037f58","PNNL",""
"185","d17dac5627ea499898fc19d11737deb0","City of Redmond",""
"186","bf8a125a2c7f497f9a0d14ecb920b2c2","USEPA",""
"187","939ad86e4c4e43b7840f9bd9c085311b","King County","DNR"
"188","a0fdc45418a34fb597f9201ef6e73717","King County",""
"189","7a5e85bc36a44ffe9c95dd3e1b8f2750","WDOE",""
"190","7141639f33dc46778c5cb32645520442","City of Everett",""
"191","5bd09b00c71e40fda3c03fa4c9cfa493","City of Mukilteo",""
"192","01eb38b631f741e2b24a01311a12e1ed","City of Puyallup",""
"193","f4becd5479334771855dd35fcc05ccc4","Washington Sea Grant",""
"194","d379440fe94f429982e9a00ccd429589","WDFW",""
"195","b45ffba689b5443eab3b9dd95e39f91e","WRCO",""
"196","9c6a1d5f70e648b8a5428e430f23be23","Nisqually Tribe",""
"197","1262d10fdc34455c8c14780480f68264","King County",""
"198","b82965f81efa4bad8cb836e2681bd4de","Nisqually Land Trust",""
"199","6ed159a7b9a14a469184283b0efb987b","NMFS",""
"200","66093cd2b6744d009cd38a2eef998ff6","Friends of the Issaquah Salmon Hatchery",""
"201","65c539aad21c4dc2a4356b5028d3b811","Nisqually River Council",""
"202","b36c51dca5184e4aa354649738657fc6","City of SeaTac",""
"203","16b04188dbe44e22b7b90570e1d316e5","Whidbey ECO Net",""
"204","4115051222c046ea84538a31dea5d082","Suquamish Tribe",""
"205","fe062de1fe1e496c98f6fcab6ac2283c","South Puget Sound Salmon Enhancement",""
"206","41a8c12ffdcf430fabafcc6f6c708bec","Port of Tacoma",""
"207","cd5f1463af744cb2ad9460061456f830","NMFS","Habitat Consv Division"
"208","129ee0087af040678a739017652f057e","USFWS","Nisqually NWR/Ducks Unlimited"
"209","8462dc91c6b146f0952ec831ce9953b2","Nisqually Land Trust",""
"210","71ca16f1ba0547e982f8460deab2ccc2","Salmon Recovery Funding Board",""
"211","6def882e4ba24c02bfad540501b4225c","Snohomish County","Surface Water Management"
"212","1cbed7d0544548f090bfc7a9b751ec67","WDFW",""
"213","dfa8c4d947c542df8ff6082c7022e2b4","City of Seattle","Public Utilities Restore Our Waters"
"214","68abba867d674bc19f48f59960ff1deb","City of Seattle","Public Utilities"
"215","b8ec04b36841468c97afcbf1fcd7ec5f","UW",""
"216","9a3c634b7c1b409581a342856b9d151e","Bainbridge Island Watershed Council",""
"217","f502dba170ca4ed6bb470a7a5a0dbf71","UW Tacoma",""
"218","f0eba42e29fb4c80a9479249a51d81ab","Nisqually River Council",""
"219","078e64c0fe714d9085b22099b5224715","City of Edmonds",""
"220","8bf02573fb3e48b7bcd3edab2656f2f6","Environmental Coaliton of South Seattle",""
"221","0aa65695e6044b6c82cf0bb99180b321","Snohomish County",""
"222","7d224d9afdd74301b5befff886feed02","Nisqually River Council",""
"223","be6c4818298b4732a11d2a432f29f49c","Southwest Fisheries Science Center",""
"224","f4aa9fc1bb214cc3bb9d5b565acfbfaf","Long Live the Kings",""
"225","7bdaca8b10694e4aab20b15f0f11bef4","WDFW",""
"226","7652502cc553499e8a2d6adef0266c54","Surfrider Foundation",""
"227","c98d44eacf4b4ca68e510df27436d32f","Great Peninsula Conservancy",""
"228","8c4bc87e5eab487890174aa0038211ad","Padilla Bay National Estuarine Research Reserve",""
"229","2b40407916ac49d89227961038dfada9","NWFSC",""
"230","0120571cfc1c4ba4aa286b52d0d05a70","Skagit Land Trust",""
"231","42e991f6bc674802ac12ca8c378bf5c3","Thurston County","Board of Commissioners"
"232","ab8dff5176c34e1ab28ed50d196a604a","WDOE",""
"233","0f1e7781e8984fa78a01c0f3f951c175","WDFW",""
"234","0e0e804c7aeb41e88fb5d35aae663d30","Long Live the Kings",""
"235","0ff449bec166421c9126d6616bd6cf63","Skagit County","Public Health"
"236","67e9699f3b62479f9b2a08612e999689","City of Lacey",""
"237","4be9b7141f17415fabe5e365c8e5c318","WDOE",""
"238","689c98847bac465baee40701ec92f598","NOSC",""
"239","581a776d0c7649ce941551d48be9b3a0","Nisqually Land Trust",""
"240","bd71b8da611f479d9006d282c7cb399d","Stillaguamish Clean Water District",""
"241","4486f46ddad74f0bba58b4da5a166710","NOAA",""
"242","0b981d0690044e46bf1913b6c28e03bc","Thurston County",""
"243","f800ba851bcf435c94e5a00e21050df1","LOTT Clean Water Alliance",""
"244","24142ad46a224fd7ac0b5319dff69e76","City of Everett","Public Works"
"245","9ab2ed8659e54ed8a64a3ffa8d353e5f","Washington Environmental Council",""
"246","3da5568e1d0a457691b1b87a08ac80c1","Stillaguamish Tribe",""
"247","dad722bd7276440bb2dddd925019810f","OrcaNet",""
"248","ffcb5e8b4a3743778505edd1861f8f5b","WDOE",""
"249","52424818195e4fff8f691f70a6a6b515","Stillaguamish Tribe","Natural Resources"
"250","fb535e382d6c40fb9ff598bcec28de55","Stillaguamish Watershed Council",""
"251","91f3147c752c45c3b1e1c48f8a124f66","US Navy",""
"252","7633bc55abb4456f9dd873cd774f4cb7","Whatcom County","Public Works"
"253","5977bf01be94473eaba78ca4be3eef5a","The Nature Conservancy",""
"254","d81458fe1d4c4ea68b6eefeb2ef18e6a","National Wildlife Federation",""
"255","447d638ca5614dc4bb1193fa6040676d","Skagit Conservation District",""
"256","2ccd9d0d76d54a20a878991c725d3373","Jefferson County","Department of Community Development"
"257","5192eff21dae4c7ca625bccdc5831495","Jefferson County",""
"258","da42f9439b0441718b9075282aa3b1d6","Jefferson County","Environmental Health"
"259","37f9541070f4490486d44cd4b0c351f6","Sierra Club","North Olympic Group"
"260","8608cd85d5de4df68c4982b92397a71a","Citizens for a Healthy Bay",""
"261","94e2ce97f60a4710ad119f3c0d962352","Jefferson County",""
"262","0b7d3b0400464a048622ef9ba86e7a06","Clallam County",""
"263","4a2e446a2862453b870e4a5a792ade40","Feiro Marine Life Center",""
"264","d47fe547e29f4e0db908f0f10bf76e7c","Environmental Science Associates",""
"265","3c4eb38d1090426f9167f50ac1f564dd","Sierra Club",""
"266","41577a81c3a44475bf31bbe7501a73de","Mason County",""
"267","6828437757d54e0c9f36cd94f7dcc3f6","Mason County","Public Health"
"268","96ea6c64ecf64967aab4450244023410","Hood Canal Salmon Enhancement",""
"269","893e4d292260425eb69f8a85e6174864","Seattle Aquarium",""
"270","7ec7ecbd23b94bb1a1d007f1f2b30b53","Nooksack Salmon Enhancement Association",""
"271","ae434580b98d437b8f4e18dc1a130fac","Clallam Conservation District",""
"272","7162440e0cd24ea1a4df3c26dd4deb52","Whatcom ECO Net","WWIN"
"273","5656184287c84bf29ad5bd10211cbc67","WDOH",""
"274","2612023ea1c94a61a83a651b23233729","LakeWhatcom.org",""
"275","3e58f1bae2ce46e9b47d8b396a990d85","Whidbey/Camano Land Trust",""
"276","2c382e332ca04e88bc48e15953bf3fa1","Washington Trollers Association",""
"277","2aa5a359537348cf9d38c0eab63eeea2","Lower Hood Canal Watershed Coalition",""
"278","959c7834bb2d4d60889449b8ab480a8e","Lummi Tribe","Natural Resources Department"
"279","3cb26b37b52f41cd93c8931369b7518b","Sudden Valley Community Association","WWIN"
"280","7c9fb67c714944eaa2dcc59718fc75f3","Nooksack Tribe","Natural Resources"
"281","d0256b4914fe4d48a44529f043388757","Washington Sea Grant",""
"282","8407439ce1084b8db34b749116b1c985","Nisqually Tribe",""
"283","29340a31cc844be980fa7761844d4fba","Snohomish MRC",""
"284","adf07fd4d46e4303b2b580e38a3a7bb1","Whidbey/Camano Land Trust",""
"285","109926330a0941caabeda24a538419ff","Stillaguamish Tribe",""
"286","8e6b5e12a6314d90bfecc54c5153d27a","WSP","Deception Pass"
"287","2e46cfe40b3a4ebebcbfd99e59adfb4f","NOAA",""
"288","e38ec2c4c10343d3bfe228a2266bdc9c","Stewardship Partners",""
"289","6668ef11b394490b86af3fe6000257f2","SPU","Camp Casey"
"290","831c19c8556643ceb46a3f78fb0c4eaa","Snohomish MRC",""
"291","363fcfe1e21544da847bc05e83951925","Jefferson County",""
"292","8806d9190022455da245e09b3839210b","City of Orting",""
"293","5816a183215b4b26b0c595f3173b08c2","Whidbey Environmental Action Network",""
"294","646431c6146f4cd8a92b47736b08acc3","Urban Wilderness Project",""
"295","7b0a7ba00de1484fb5e13cd1b0f00572","Washington Sea Grant",""
"296","7f489020cd2a41ebbaa93761218b6c51","San Juan County",""
"297","32847695bff14a41856499bd4e78c785","Northwest Indian College",""
"298","d95fcaabc03448a1b75c7be41c88e14a","Harbor Wildwatch",""
"299","fa8818e7d27d471ebd10872eb478856a","WSUX Beachwatchers",""
"300","62bc783d901d43d4914d5b8897d6e070","WSUX CarbonMasters",""
"301","2428038134d14ee4ac900a9661d437f0","Skagit MRC",""
"302","cc5cadb829b44cbd931675516420f225","Pierce Conservation District",""
"303","2e84a2db13af434a95f2e5735f9b1fc4","WA State Association of Counties",""
"304","cb7c2ca3f6f343fabb3f7100221c50be","Point Defiance Zoo & Aquarium",""
"305","b996f42ff2544867a16fc3112f2fb51e","Citizens for a Healthy Bay",""
"306","245a69315d80437e95c64dae3a45367d","South Sound LIO",""
"307","2aa15af507f349c3b834c98e3c731813","ENVIRON",""
"308","216c057acd9d4cb0bae416cd558f2f27","Port Townsend Marine Science Center",""
"309","0719d2b6693149f09c94cb04b9e38767","WDOE",""
"310","a1ed46acd9c24bc7b27931d152881f80","City of Olympia",""
"311","af74f00a04984254a7b0b525cfab5290","Taylor Shellfish Farms",""
"312","99993c55759f4350b1b16dde374dc701","WRIA 9","Watershed Ecosystem Forum"
"313","9d38c99e84284b68b599009073098a36","Pierce County",""
"314","15316204ef9645fb9c738baecd3a611f","Skagit Tribe",""
"315","423f2d13f03141b9ad0345f4df6ea1fe","Stillaguamish Tribe",""
"316","f98a3362d52f44e48e9f4014cef6447c","Snoqualmie Watershed Forum",""
"317","ca7260b9b8f2404ea1cdda31025dfc92","City of Gig Harbor",""
"318","cbeb144a4c7f41fd900d50cbacf9a3c0","Skagit County","Planning and Development Services"
"319","d9fdf6bfa2de4d8bbdb5342f2171fffe","Tulalip Tribe",""
"320","8e5b0b7eb13f45eeb8609cf4aa98d9f7","USFS",""
"321","ede724751baf427b8a3f0a4348da3d8d","Kitsap PUD",""
"322","c9a4c7becc3940f9a7408efa70281bf1","Kitsap County","DCD/Natural Resources"
"323","64cf417992464ad785ea0295e16e82a7","WDOE","Water Quality Program"
"324","a9a06bdd58a04523a92626871d013b07","WDOE",""
"325","1b76867eb9864aaa9cf23dae24624c96","Kitsap County","Solid Waste Division"
"326","ba2d89f6cdb84ab0b0f06d83b32298d4","South Sound Phase II Group",""
"327","963621c845d148f08a1ba06d2f55d58d","Puget Soundkeeper Alliance ",""
"328","2161b48101824822b710db677f520eda","WDOE",""
"329","56d5f9107ca141aaa0e97b7a584178d8","Sound Salmon Solutions",""
"330","0a00f0761a5b437282e917e02a9bff47","Snohomish Conservation District",""
"331","7f05df094e024dc39b64942eaa618351","City of Port Angeles",""
"332","4f575c5002cc4cae8b305e16a9189115","Adopt-a-Stream Foundation",""
"333","66f3314924f24d118d2a83d593d56e72","San Juan ECO Net",""
"334","ca55cf1b51ed429d974d5617d027a9f2","Citizens of Orcas Island",""
"335","686f39a0f3174ab7a6f7eb3ded4be3cf","San Juan County","Community Development and Planning"
"336","00ab64d810b149b084e9fb7d7299e17d","NPS","San Juan Island National Historic Park"
"337","c6a4aca684724e5487419f950ec7d2b6","King County",""
"338","13c75aa436dd46fba7aade2e8e0ea361","Indigenous Education Institute",""
"339","71ad0b52c5214389a3297f65de1526f2","San Juan County","WSP"
"340","f8e5d5df7bf64071b28dff3446f4a32c","Kitsap Conservation District",""
"341","5492ad5579eb4508a1f0b13ab904ccd0","PSP",""
"342","fd4ca636a86a43c1982097efbb087b4e","Citizens for a Healthy Bay",""
"343","7a57088b5b2441b1b60982aea6688763","Mason Conservation District",""
"344","e52bb7f580704fb5ba600c1985e58188","Jefferson Conservation District",""
"345","338b0861ffcd4009a3eab9879a609c7b","Jefferson MRC",""
"346","e56e677694b34beba1502d4505925663","Puyallup Tribe",""
"347","2a1a4dd550dd4231b561a7ecc36d5672","Pierce Conservation District",""
"348","2f4db3f67d3e453dbff91af814774c99","UW",""
"349","bfcc54b59f104ed993207a4fe7f5f6a7","City of Bainbridge Island",""
"350","2a18be3ea8be4afeb987f5d546f7a7b0","City of Seattle",""
"351","3592ac6792014bee961f42830a9bd7e4","Goff Consulting",""
"352","68f183b6b2854baf950ce57313953a85","Snohomish Stillaguamish LIO",""
"353","88ff62d64dc54cfe8f41307579b138e8","Taylor Shellfish Farms",""
"354","8ae6449fbe1f47149f3e0b6555f23c94","Long Live the Kings",""
"355","1c32eedc206d42698f5020f99b3ca17f","City of Lake Stevens",""
"356","4951b4e0d0564707a662ab84ba83ad76","King Conservation District",""
"357","ca4d43fd60e14f279537911f13705c9b","Snohomish County","Surface Water Management"
"358","358468f99c304494ae973bfe6a73833c","City of Everett",""
"359","e000e8ab48904332a0af932f859d24f0","Snohomish MRC",""
"360","fc9cb2c343d443bb8ea2bb5f4ed60490","WDFW",""
"361","dc94a465520e42dda5f6d87f9087e798","Skokomish Tribe",""
"362","b10e079b87e443ff8c1000f1be64c071","Kitsap Public Health District",""
"363","16389a4305ef42ad9cd9473d0618876a","Stillaguamish Clean Water District",""
"364","cef4be0ed40b4e0f88ce119ad17658f0","WDOE",""
"365","1591956b5d2041c9ac09ee038c8ce8ad","Stillaguamish Watershed Council",""
"366","756df718cbf445eea21c9a47e31b5c95","NWIFC",""
"367","7854337f9cbf430e99ab2dae47cc6f16","SeaDoc Society",""
"368","c92a6062261547af934fb8827232dee6","San Juan County","Council"
"369","d58b941148ce4685b836db79fe10b60d","San Juan County",""
"370","4e76b37e6218461fa1cc62753a91f411","San Juan County",""
"371","fb6cab0bd1494da2a25979f7ce8e17a8","Stillaguamish Clean Water District",""
"372","3d8b366e5652424ea08e9849a35ee30e","San Juan County Water Resources Management Committee",""
"373","8d1bbef821c840b79b3d946842fbac6e","San Juan County",""
"374","5d60d97b064c409e8c14a4c68db88fa5","San Juan MRC",""
"375","ef7188b2a07849ddaddf32a893db7280","City of Gig Harbor",""
"376","30930f60863e4cf49271516c6b254c07","USCG",""
"377","acc5ccf38f0649cca560794ad0fd4f5e","WDOE",""
"378","f5b7687f4aae45e9befc61afc0488566","Point No Point Treaty Council",""
"379","40be1256f7f54dca83d23d151a1745ad","Sierra Club",""
"380","327fee2bed21495b937089552d8d4014","City of Sequim",""
"381","8d0179c2a3b7481b96508aefcec631f3","Clallam County","Department of Community Development"
"382","ef3c1e38eb9043f48229fd7042c519c4","WDOE",""
"383","df2a5cbd5883484ea8d2dc75b3e6137e","North Olympic Land Trust",""
"384","21e4e359ddb4451285e51aa8a29c0a6f","WDFW",""
"385","3e8c595db5d841cda346873c470d0cf3","NOSC",""
"386","a92d1924ecb74733a1a89cae0eca37b4","USCG",""
"387","aa04f525631c430eaf20ec8a14144f4a","North Olympic Timber Action Committee",""
"388","4a81ff18e43d4be4a17afc750b7f70fe","WSUX",""
"389","ca6acfedd53b42b0aaeb1eca857050e7","UW",""
"390","fb8a8ad463f04c73b35cf56c6f363b7e","Greenfleet Monitoring Expeditions",""
"391","73dbdfc17f894f4393e627541f88eafd","Island County Water Resources Advisory Committee",""
"392","60681408dde041b786e446b5eeb26cec","WRIA 2",""
"393","5dc68801b9b9419db58d59f1b1670b67","Wild Fish Conservancy",""
"394","9caa3905e24548d5939ca3084c31de90","Whidbey Conservation District",""
"395","2c85060e28174a73b4dd190d6e9b0de4","Feiro Marine Life Center",""
"396","638956b0380c4806ba439b0a5f8b1c32","Suquamish Tribe",""
"397","3d98a77b104c4f208523cf3d4cb4afd8","Clallam County",""
"398","22d72fe724144ef7bd3ea52436632ed2","Friends of the San Juans",""
"399","61147dbc7b3f4543b4712f84add897c2","Pacific Denkmann Company",""
"400","43647a2d7df4414eb6bc3c74f21d08ca","South Sound LIO",""
